Page View V1 Url,Page View V1 Total Unique Events,Page View V1 Total Unique Users
https://www.faceit.com/ru/players/CEMEN_BAKIN/cs2/skins,"1,393","1,041"
https://www.faceit.com/ru/players/StRoGo/cs2/skins,766,567
https://www.faceit.com/ru/players/zibert1715/cs2/skins,546,413
https://www.faceit.com/ru/players/s-chilla/cs2/skins,465,337
https://www.faceit.com/pl/players/SzeliS/cs2/skins,432,317
https://www.faceit.com/en/players/CEMEN_BAKIN/cs2/skins,383,244
https://www.faceit.com/en/players/nocries/cs2/skins,373,243
https://www.faceit.com/ru/players/m3wsu/cs2/skins,353,255
https://www.faceit.com/ru/players/b1st-/cs2/skins,349,278
https://www.faceit.com/ru/players/auraeater/cs2/skins,333,233
https://www.faceit.com/ru/players/ct0m/cs2/skins,329,250
https://www.faceit.com/ru/players/baz/cs2/skins,300,249
https://www.faceit.com/pl/players/gwizdakk/cs2/skins,273,200
https://www.faceit.com/en/players/hEAVENACHE11/cs2/skins,236,175
https://www.faceit.com/ru/players/Murzofix/cs2/skins,214,158
https://www.faceit.com/en/players/h4RN1zanami/cs2/skins,188,137
https://www.faceit.com/ru/players/kelieN/cs2/skins,178,141
https://www.faceit.com/ru/players/kashl1d/cs2/skins,160,125
https://www.faceit.com/ru/players/hhakuu/cs2/skins,158,115
https://www.faceit.com/ru/players/h4RN1zanami/cs2/skins,156,121
https://www.faceit.com/ru/players/Recrent/cs2/skins,153,130
https://www.faceit.com/ru/players/-SYPH0/cs2/skins,152,115
https://www.faceit.com/en/players/s-chilla/cs2/skins,149,86
https://www.faceit.com/ru/players/irbitka/cs2/skins,140,107
https://www.faceit.com/tr/players/jresy/cs2/skins,138,98
https://www.faceit.com/ru/players/Magnojezzz/cs2/skins,133,113
https://www.faceit.com/ru/players/SANYAXAKEP/cs2/skins,126,95
https://www.faceit.com/ru/players/em0k1d/cs2/skins,125,90
https://www.faceit.com/ru/players/ellf1x/cs2/skins,121,4
https://www.faceit.com/ru/players/closetape/cs2/skins,113,81
https://www.faceit.com/ru/players/MC_TPAXEP666/cs2/skins,113,88
https://www.faceit.com/en/players/StRoGo/cs2/skins,113,65
https://www.faceit.com/ru/players/molodoy-/cs2/skins,111,86
https://www.faceit.com/en/players/jL-/cs2/skins,108,72
https://www.faceit.com/ru/players/nocries/cs2/skins,106,83
https://www.faceit.com/ru/players/t3ns1on/cs2/skins,99,80
https://www.faceit.com/ru/players/k0gaSs/cs2/skins,99,79
https://www.faceit.com/ru/players/rotation1437/cs2/skins,95,67
https://www.faceit.com/en/players/b1st-/cs2/skins,95,75
https://www.faceit.com/ru/players/Compl1/cs2/skins,95,74
https://www.faceit.com/en/players/zibert1715/cs2/skins,94,64
https://www.faceit.com/pl/players/xKacpersky/cs2/skins,91,70
https://www.faceit.com/ru/players/zweih666/cs2/skins,90,73
https://www.faceit.com/ru/players/anastaze/cs2/skins,90,69
https://www.faceit.com/ru/players/auNkeRe/cs2/skins,88,73
https://www.faceit.com/tr/players/jottAAA-/cs2/skins,87,65
https://www.faceit.com/ru/players/kalyambys/cs2/skins,86,47
https://www.faceit.com/ru/players/hyperlexia/cs2/skins,81,51
https://www.faceit.com/en/players/SzeliS/cs2/skins,78,53
https://www.faceit.com/pl/players/PEVOR/cs2/skins,78,67
https://www.faceit.com/en/players/JBa/cs2/skins,77,60
https://www.faceit.com/tr/players/Wicadia/cs2/skins,76,60
https://www.faceit.com/ru/players/xeedo/cs2/skins,75,61
https://www.faceit.com/en/players/m3wsu/cs2/skins,74,39
https://www.faceit.com/en/players/baz/cs2/skins,74,44
https://www.faceit.com/ru/players/ShaLun/cs2/skins,72,57
https://www.faceit.com/ru/players/Solo-es/cs2/skins,72,58
https://www.faceit.com/en/players/auraeater/cs2/skins,71,52
https://www.faceit.com/ru/players/yncto/cs2/skins,71,4
https://www.faceit.com/ru/players/cairne-/cs2/skins,71,54
https://www.faceit.com/ru/players/PIPIPOPAPISA/cs2/skins,71,58
https://www.faceit.com/ru/players/ssu1taN-/cs2/skins,67,45
https://www.faceit.com/ru/players/verso-topo/cs2/skins,67,54
https://www.faceit.com/en/players/AugaBuga/cs2/skins,67,36
https://www.faceit.com/ru/players/martyn2/cs2/skins,64,47
https://www.faceit.com/ru/players/Janichka/cs2/skins,62,46
https://www.faceit.com/zh/players/recordm3/cs2/skins,62,1
https://www.faceit.com/en/players/NertZ/cs2/skins,61,46
https://www.faceit.com/en/players/MoDo/cs2/skins,61,49
https://www.faceit.com/ru/players/youka/cs2/skins,60,47
https://www.faceit.com/ru/players/frontales/cs2/skins,59,44
https://www.faceit.com/en/players/xKacpersky/cs2/skins,59,42
https://www.faceit.com/en/players/ct0m/cs2/skins,58,31
https://www.faceit.com/en/players/Fixedinho/cs2/skins,57,36
https://www.faceit.com/ru/players/Drogba11/cs2/skins,57,8
https://www.faceit.com/ru/players/1vsworlddd/cs2/skins,55,33
https://www.faceit.com/pl/players/CEMEN_BAKIN/cs2/skins,54,41
https://www.faceit.com/ru/players/sxxtasy/cs2/skins,54,6
https://www.faceit.com/ru/players/nedorufe/cs2/skins,54,15
https://www.faceit.com/en/players/gwizdakk/cs2/skins,53,40
https://www.faceit.com/ru/players/ticn-dicn/cs2/skins,51,37
https://www.faceit.com/ru/players/s1zzi/cs2/skins,51,38
https://www.faceit.com/en/players/ren/cs2/skins,51,26
https://www.faceit.com/en/players/sl3nd-/cs2/skins,51,38
https://www.faceit.com/pl/players/Geenold/cs2/skins,51,42
https://www.faceit.com/ru/players/deku0/cs2/skins,50,33
https://www.faceit.com/ru/players/yellowfever/cs2/skins,49,39
https://www.faceit.com/ru/players/y0k1d7331/cs2/skins,45,34
https://www.faceit.com/ru/players/444rainy/cs2/skins,44,29
https://www.faceit.com/en/players/cobrazera/cs2/skins,44,31
https://www.faceit.com/ru/players/NertZ/cs2/skins,44,37
https://www.faceit.com/en/players/molodoy-/cs2/skins,42,28
https://www.faceit.com/en/players/rotation1437/cs2/skins,42,25
https://www.faceit.com/en/players/zweih666/cs2/skins,42,33
https://www.faceit.com/ru/players/seberya/cs2/skins,42,25
https://www.faceit.com/en/players/21kiyotaka/cs2/skins,42,33
https://www.faceit.com/en/players/Griller1221/cs2/skins,41,30
https://www.faceit.com/en/players/vigg0/cs2/skins,41,29
https://www.faceit.com/en/players/jresy/cs2/skins,40,30
https://www.faceit.com/en/players/h4RNgAdd--/cs2/skins,39,31
https://www.faceit.com/ru/players/MucTopMyc0p/cs2/skins,39,35
https://www.faceit.com/en/players/t3ns1on/cs2/skins,38,29
https://www.faceit.com/en/players/freakazoid/cs2/skins,38,27
https://www.faceit.com/uk/players/zibert1715/cs2/skins,37,26
https://www.faceit.com/en/players/Senzu-/cs2/skins,37,24
https://www.faceit.com/en/players/Magnojezzz/cs2/skins,37,28
https://www.faceit.com/en/players/-SYPH0/cs2/skins,36,31
https://www.faceit.com/en/players/zurys/cs2/skins,36,32
https://www.faceit.com/ru/players/--Mokuj1n/cs2/skins,36,30
https://www.faceit.com/ru/players/kkoehkpeah/cs2/skins,35,2
https://www.faceit.com/en/players/iBALLY/cs2/skins,35,21
https://www.faceit.com/ru/players/sakha/cs2/skins,35,30
https://www.faceit.com/en/players/irbitka/cs2/skins,33,25
https://www.faceit.com/en/players/Compl1/cs2/skins,33,19
https://www.faceit.com/ru/players/fudzhy/cs2/skins,33,25
https://www.faceit.com/pl/players/adex_-/cs2/skins,33,26
https://www.faceit.com/en/players/youka/cs2/skins,33,20
https://www.faceit.com/ru/players/tatiana/cs2/skins,33,23
https://www.faceit.com/en/players/PEVOR/cs2/skins,32,19
https://www.faceit.com/en/players/Lobanjica853/cs2/skins,32,24
https://www.faceit.com/ru/players/xKacpersky/cs2/skins,31,24
https://www.faceit.com/tr/players/Vej/cs2/skins,31,21
https://www.faceit.com/en/players/y0k1d7331/cs2/skins,30,24
https://www.faceit.com/en/players/day0sh4h4/cs2/skins,30,24
https://www.faceit.com/en/players/Recrent/cs2/skins,30,17
https://www.faceit.com/en/players/Wicadia/cs2/skins,30,23
https://www.faceit.com/uk/players/s-chilla/cs2/skins,30,24
https://www.faceit.com/ru/players/fostar/cs2/skins,30,29
https://www.faceit.com/en/players/twenty3/cs2/skins,29,16
https://www.faceit.com/en/players/frozen_-/cs2/skins,29,23
https://www.faceit.com/en/players/s1zzi/cs2/skins,28,19
https://www.faceit.com/tr/players/soulfly/cs2/skins,28,20
https://www.faceit.com/en/players/cairne-/cs2/skins,28,18
https://www.faceit.com/ru/players/airscape/cs2/skins,27,23
https://www.faceit.com/en/players/em0k1d/cs2/skins,27,21
https://www.faceit.com/en/players/DarkMe1st3R/cs2/skins,27,18
https://www.faceit.com/tr/players/QuickShare/cs2/skins,27,21
https://www.faceit.com/ru/players/verso-markov/cs2/skins,27,23
https://www.faceit.com/en/players/kalyambys/cs2/skins,27,21
https://www.faceit.com/ru/players/SERJant-/cs2/skins,27,1
https://www.faceit.com/en/players/FURIOUSSS/cs2/skins,27,14
https://www.faceit.com/fr/players/youka/cs2/skins,27,18
https://www.faceit.com/en/players/xeedo/cs2/skins,26,19
https://www.faceit.com/en/players/-netix/cs2/skins,26,2
https://www.faceit.com/en/players/broky/cs2/skins,26,18
https://www.faceit.com/ru/players/aragqrnN/cs2/skins,26,21
https://www.faceit.com/en/players/1junior/cs2/skins,26,22
https://www.faceit.com/ru/players/meloch/cs2/skins,26,20
https://www.faceit.com/pl/players/bezimienny/cs2/skins,26,22
https://www.faceit.com/pl/players/nocries/cs2/skins,25,15
https://www.faceit.com/ru/players/beemory/cs2/skins,25,4
https://www.faceit.com/ru/players/pavlysha666/cs2/skins,25,19
https://www.faceit.com/ru/players/MITssy2/cs2/skins,25,15
https://www.faceit.com/ru/players/sl3nd-/cs2/skins,25,21
https://www.faceit.com/ru/players/triadah4h4/cs2/skins,24,15
https://www.faceit.com/uk/players/CEMEN_BAKIN/cs2/skins,24,18
https://www.faceit.com/en/players/eblan666__/cs2/skins,24,13
https://www.faceit.com/en/players/kennyS/cs2/skins,24,19
https://www.faceit.com/en/players/hyperlexia/cs2/skins,24,18
https://www.faceit.com/uk/players/cairne-/cs2/skins,24,10
https://www.faceit.com/en/players/Dynamightgg/cs2/skins,24,6
https://www.faceit.com/ru/players/1mmovable/cs2/skins,23,13
https://www.faceit.com/ru/players/xne/cs2/skins,23,16
https://www.faceit.com/fr/players/shox/cs2/skins,23,22
https://www.faceit.com/en/players/PleaseF1xMe/cs2/skins,22,10
https://www.faceit.com/ru/players/jL-/cs2/skins,22,20
https://www.faceit.com/en/players/Jaytzyy/cs2/skins,22,12
https://www.faceit.com/ru/players/LINAONE/cs2/skins,22,19
https://www.faceit.com/pl/players/tudsoN/cs2/skins,22,18
https://www.faceit.com/ru/players/robo--/cs2/skins,22,19
https://www.faceit.com/ru/players/21kiyotaka/cs2/skins,21,14
https://www.faceit.com/ru/players/PleaseF1xMe/cs2/skins,21,17
https://www.faceit.com/ru/players/s4rsen-/cs2/skins,21,13
https://www.faceit.com/ru/players/-La1roN/cs2/skins,21,18
https://www.faceit.com/ru/players/Perfecto/cs2/skins,21,17
https://www.faceit.com/en/players/SANYAXAKEP/cs2/skins,21,17
https://www.faceit.com/fr/players/sk1zy/cs2/skins,21,4
https://www.faceit.com/ru/players/Senzu-/cs2/skins,21,16
https://www.faceit.com/en/players/jottAAA-/cs2/skins,21,17
https://www.faceit.com/en/players/const/cs2/skins,21,3
https://www.faceit.com/ru/players/flouzer/cs2/skins,20,15
https://www.faceit.com/pl/players/Goofiacz/cs2/skins,20,18
https://www.faceit.com/en/players/adex_-/cs2/skins,20,11
https://www.faceit.com/ru/players/watchmefall/cs2/skins,20,16
https://www.faceit.com/fr/players/alexzoo/cs2/skins,20,4
https://www.faceit.com/en/players/kelieN/cs2/skins,19,14
https://www.faceit.com/en/players/k0gaSs/cs2/skins,19,15
https://www.faceit.com/ru/players/broky/cs2/skins,19,18
https://www.faceit.com/en/players/fl0m/cs2/skins,19,15
https://www.faceit.com/ru/players/Norwi-/cs2/skins,19,10
https://www.faceit.com/pl/players/b1st-/cs2/skins,19,14
https://www.faceit.com/ru/players/hawach1/cs2/skins,19,11
https://www.faceit.com/ru/players/twenty3/cs2/skins,19,14
https://www.faceit.com/ru/players/sh3zox/cs2/skins,19,7
https://www.faceit.com/ru/players/h4RNgAdd--/cs2/skins,19,16
https://www.faceit.com/uk/players/baz/cs2/skins,18,13
https://www.faceit.com/en/players/Matheos/cs2/skins,18,14
https://www.faceit.com/es/players/LUKENSSJGOD/cs2/skins,18,13
https://www.faceit.com/en/players/PIPIPOPAPISA/cs2/skins,18,15
https://www.faceit.com/en/players/Ahava-/cs2/skins,18,15
https://www.faceit.com/en/players/Murzofix/cs2/skins,18,14
https://www.faceit.com/tr/players/s0nglex/cs2/skins,17,13
https://www.faceit.com/en/players/Solo-es/cs2/skins,17,12
https://www.faceit.com/tr/players/CEMEN_BAKIN/cs2/skins,17,16
https://www.faceit.com/en/players/MucTopMyc0p/cs2/skins,17,11
https://www.faceit.com/en/players/nedorufe/cs2/skins,17,8
https://www.faceit.com/zh/players/CEMEN_BAKIN/cs2/skins,17,8
https://www.faceit.com/en/players/Drogba11/cs2/skins,17,11
https://www.faceit.com/en/players/shox/cs2/skins,17,14
https://www.faceit.com/ru/players/GAROiCHE/cs2/skins,17,17
https://www.faceit.com/en/players/luca39-/cs2/skins,17,16
https://www.faceit.com/en/players/deko_mental1/cs2/skins,17,14
https://www.faceit.com/en/players/Jorko/cs2/skins,17,13
https://www.faceit.com/ru/players/001000000010/cs2/skins,17,9
https://www.faceit.com/ru/players/cr1stalg0d/cs2/skins,17,15
https://www.faceit.com/ru/players/DANC3DANC3/cs2/skins,16,12
https://www.faceit.com/ru/players/-working/cs2/skins,16,7
https://www.faceit.com/tr/players/h4RN1zanami/cs2/skins,16,13
https://www.faceit.com/ru/players/jottAAA-/cs2/skins,16,14
https://www.faceit.com/ru/players/nipl/cs2/skins,15,11
https://www.faceit.com/en/players/ShaLun/cs2/skins,15,8
https://www.faceit.com/es/players/MartinezSa/cs2/skins,15,13
https://www.faceit.com/ru/players/segukawa/cs2/skins,15,13
https://www.faceit.com/en/players/bezimienny/cs2/skins,15,9
https://www.faceit.com/ru/players/-krazy/cs2/skins,15,10
https://www.faceit.com/en/players/NexusMB/cs2/skins,15,6
https://www.faceit.com/en/players/verso-topo/cs2/skins,15,10
https://www.faceit.com/fr/players/Katkamee/cs2/skins,15,11
https://www.faceit.com/en/players/p3kko/cs2/skins,15,10
https://www.faceit.com/en/players/s0nglex/cs2/skins,15,3
https://www.faceit.com/ru/players/_dropl_/cs2/skins,14,10
https://www.faceit.com/en/players/-La1roN/cs2/skins,14,10
https://www.faceit.com/en/players/tatiana/cs2/skins,14,3
https://www.faceit.com/pl/players/h4RN1zanami/cs2/skins,14,12
https://www.faceit.com/ru/players/kurosa/cs2/skins,14,9
https://www.faceit.com/en/players/donk/cs2/skins,14,8
https://www.faceit.com/ru/players/Jorko/cs2/skins,14,12
https://www.faceit.com/ru/players/donk/cs2/skins,14,12
https://www.faceit.com/en/players/aragqrnN/cs2/skins,14,12
https://www.faceit.com/en/players/--Mokuj1n/cs2/skins,14,10
https://www.faceit.com/en/players/frontales/cs2/skins,14,13
https://www.faceit.com/en/players/verso-markov/cs2/skins,14,8
https://www.faceit.com/ru/players/cobrazera/cs2/skins,14,11
https://www.faceit.com/en/players/hawach1/cs2/skins,13,8
https://www.faceit.com/ru/players/Bandurka/cs2/skins,13,10
https://www.faceit.com/ru/players/pressuree/cs2/skins,13,7
https://www.faceit.com/tr/players/Makaveli__47/cs2/skins,13,6
https://www.faceit.com/en/players/meowsui/cs2/skins,13,8
https://www.faceit.com/en/players/martyn2/cs2/skins,13,12
https://www.faceit.com/pt/players/-krazy/cs2/skins,13,12
https://www.faceit.com/en/players/-krazy/cs2/skins,13,8
https://www.faceit.com/fi/players/p3kko/cs2/skins,13,10
https://www.faceit.com/en/players/Goofiacz/cs2/skins,13,9
https://www.faceit.com/ru/players/kirrra2009/cs2/skins,13,10
https://www.faceit.com/en/players/hitori/cs2/skins,12,10
https://www.faceit.com/ru/players/CkRUTblupUL/cs2/skins,12,3
https://www.faceit.com/en/players/-DELIK/cs2/skins,12,6
https://www.faceit.com/en/players/closetape/cs2/skins,12,11
https://www.faceit.com/en/players/Norwi-/cs2/skins,12,10
https://www.faceit.com/uk/players/Naraze/cs2/skins,12,3
https://www.faceit.com/fi/players/HanskaJonee/cs2/skins,12,2
https://www.faceit.com/en/players/yellowfever/cs2/skins,12,10
https://www.faceit.com/ru/players/-Daxver/cs2/skins,12,9
https://www.faceit.com/en/players/ktap/cs2/skins,12,11
https://www.faceit.com/en/players/dochianKING/cs2/skins,12,9
https://www.faceit.com/de/players/nocries/cs2/skins,12,10
https://www.faceit.com/es/players/nocries/cs2/skins,12,11
https://www.faceit.com/ru/players/kakawkidonka/cs2/skins,12,10
https://www.faceit.com/en/players/MITssy2/cs2/skins,11,3
https://www.faceit.com/en/players/Th0masHD-/cs2/skins,11,7
https://www.faceit.com/en/players/egopeek247/cs2/skins,11,9
https://www.faceit.com/cs/players/zurys/cs2/skins,11,10
https://www.faceit.com/uk/players/StRoGo/cs2/skins,11,7
https://www.faceit.com/ru/players/gwizdakk/cs2/skins,11,10
https://www.faceit.com/en/players/tired73/cs2/skins,11,7
https://www.faceit.com/ru/players/lyohadubina/cs2/skins,11,8
https://www.faceit.com/en/players/D0KT0R3N/cs2/skins,11,10
https://www.faceit.com/ru/players/dement3r-/cs2/skins,11,7
https://www.faceit.com/ru/players/h67f/cs2/skins,11,10
https://www.faceit.com/ru/players/kensizor/cs2/skins,11,11
https://www.faceit.com/en/players/hEAVENACHE99/cs2/skins,11,11
https://www.faceit.com/fi/players/petosendonkk/cs2/skins,11,3
https://www.faceit.com/ru/players/svemyy/cs2/skins,11,9
https://www.faceit.com/en/players/Bandurka/cs2/skins,10,5
https://www.faceit.com/tr/players/molodoy-/cs2/skins,10,8
https://www.faceit.com/fr/players/EXT1NCTI0N-/cs2/skins,10,9
https://www.faceit.com/en/players/QuickShare/cs2/skins,10,10
https://www.faceit.com/tr/players/nocries/cs2/skins,10,8
https://www.faceit.com/en/players/MartinezSa/cs2/skins,10,8
https://www.faceit.com/en/players/Vej/cs2/skins,10,7
https://www.faceit.com/pl/players/olleXD/cs2/skins,10,4
https://www.faceit.com/uk/players/t3ns1on/cs2/skins,10,9
https://www.faceit.com/ru/players/kennyS/cs2/skins,10,9
https://www.faceit.com/en/players/Geenold/cs2/skins,10,7
https://www.faceit.com/ru/players/Tri-Borgg1/cs2/skins,10,9
https://www.faceit.com/ru/players/tellmelie/cs2/skins,10,2
https://www.faceit.com/ru/players/mmmotya/cs2/skins,10,7
https://www.faceit.com/ru/players/JBa/cs2/skins,10,7
https://www.faceit.com/ru/players/bezimienny/cs2/skins,10,8
https://www.faceit.com/de/players/CEMEN_BAKIN/cs2/skins,9,8
https://www.faceit.com/ru/players/1junior/cs2/skins,9,7
https://www.faceit.com/pt/players/CEMEN_BAKIN/cs2/skins,9,7
https://www.faceit.com/ru/players/hitori/cs2/skins,9,8
https://www.faceit.com/en/players/auNkeRe/cs2/skins,9,9
https://www.faceit.com/en/players/hhakuu/cs2/skins,9,9
https://www.faceit.com/pl/players/isagi/cs2/skins,9,6
https://www.faceit.com/en/players/svemyy/cs2/skins,9,7
https://www.faceit.com/ru/players/klariti666/cs2/skins,9,2
https://www.faceit.com/pl/players/hyperlexia/cs2/skins,9,9
https://www.faceit.com/ru/players/tokyoghoul-0/cs2/skins,9,4
https://www.faceit.com/en/players/kashl1d/cs2/skins,9,9
https://www.faceit.com/ru/players/XAXAXAXAAXX/cs2/skins,9,2
https://www.faceit.com/en/players/cr1stalg0d/cs2/skins,9,8
https://www.faceit.com/pl/players/Magnojezzz/cs2/skins,9,7
https://www.faceit.com/en/players/ncuxonatina/cs2/skins,9,5
https://www.faceit.com/sv/players/CEMEN_BAKIN/cs2/skins,9,7
https://www.faceit.com/ru/players/ismail/cs2/skins,9,1
https://www.faceit.com/fr/players/syo666/cs2/skins,9,2
https://www.faceit.com/ru/players/day0sh4h4/cs2/skins,9,6
https://www.faceit.com/ru/players/Matheos/cs2/skins,8,8
https://www.faceit.com/en/players/b0ris999/cs2/skins,8,3
https://www.faceit.com/fr/players/nocries/cs2/skins,8,6
https://www.faceit.com/en/players/segukawa/cs2/skins,8,5
https://www.faceit.com/fr/players/KRL/cs2/skins,8,7
https://www.faceit.com/ru/players/ciouscious/cs2/skins,8,7
https://www.faceit.com/en/players/444rainy/cs2/skins,8,7
https://www.faceit.com/en/players/NosenPixel/cs2/skins,8,3
https://www.faceit.com/ru/players/Happyt778/cs2/skins,8,1
https://www.faceit.com/en/players/lO_Oll/cs2/skins,8,4
https://www.faceit.com/en/players/fostar/cs2/skins,8,7
https://www.faceit.com/ru/players/guthriee/cs2/skins,8,7
https://www.faceit.com/en/players/watchmefall/cs2/skins,7,7
https://www.faceit.com/ru/players/frozen_-/cs2/skins,7,6
https://www.faceit.com/tr/players/NertZ/cs2/skins,7,6
https://www.faceit.com/en/players/eeirhtug/cs2/skins,7,7
https://www.faceit.com/ru/players/-_-glazatipa/cs2/skins,7,3
https://www.faceit.com/ru/players/v_potoke4/cs2/skins,7,6
https://www.faceit.com/ru/players/ogmomsleep/cs2/skins,7,1
https://www.faceit.com/en/players/kakawkidonka/cs2/skins,7,6
https://www.faceit.com/pl/players/NertZ/cs2/skins,7,6
https://www.faceit.com/en/players/deku0/cs2/skins,7,6
https://www.faceit.com/ru/players/xd1xd1xd1/cs2/skins,7,7
https://www.faceit.com/tr/players/b1st-/cs2/skins,7,5
https://www.faceit.com/es/players/313/cs2/skins,7,1
https://www.faceit.com/pt-br/players/molodoy-/cs2/skins,7,5
https://www.faceit.com/ru/players/hEAVENACHE11/cs2/skins,7,6
https://www.faceit.com/en/players/xne/cs2/skins,7,5
https://www.faceit.com/uk/players/martyn2/cs2/skins,7,6
https://www.faceit.com/ru/players/kayvan/cs2/skins,7,3
https://www.faceit.com/en/players/sakha/cs2/skins,7,6
https://www.faceit.com/hu/players/iBALLY/cs2/skins,7,6
https://www.faceit.com/en/players/seberya/cs2/skins,7,5
https://www.faceit.com/ru/players/karma-1/cs2/skins,7,5
https://www.faceit.com/uk/players/__Cassie__/cs2/skins,7,2
https://www.faceit.com/fi/players/bulimasa/cs2/skins,7,1
https://www.faceit.com/tr/players/-Kwai/cs2/skins,7,4
https://www.faceit.com/en/players/oxygen/cs2/skins,7,5
https://www.faceit.com/pt/players/xeedo/cs2/skins,6,3
https://www.faceit.com/fi/players/ENKIO/cs2/skins,6,1
https://www.faceit.com/ru/players/Lobanjica853/cs2/skins,6,5
https://www.faceit.com/de/players/h4RN1zanami/cs2/skins,6,5
https://www.faceit.com/ru/players/ORONGUTANG/cs2/skins,6,6
https://www.faceit.com/pl/players/SzeliS/cs2/skins?,6,1
https://www.faceit.com/ru/players/kurozce/cs2/skins,6,6
https://www.faceit.com/pl/players/zweih666/cs2/skins,6,5
https://www.faceit.com/en/players/1mmovable/cs2/skins,6,6
https://www.faceit.com/ru/players/jresy/cs2/skins,6,6
https://www.faceit.com/pl/players/skvty/cs2/skins,6,5
https://www.faceit.com/en/players/nipl/cs2/skins,6,5
https://www.faceit.com/en/players/MADIMODESTUB/cs2/skins,6,4
https://www.faceit.com/pt/players/nocries/cs2/skins,6,6
https://www.faceit.com/en/players/ComTamChu9/cs2/skins,6,1
https://www.faceit.com/ru/players/Kuroxd/cs2/skins,6,6
https://www.faceit.com/pl/players/21kiyotaka/cs2/skins,6,6
https://www.faceit.com/pt-br/players/nocries/cs2/skins,6,4
https://www.faceit.com/tr/players/-TSONG/cs2/skins,6,2
https://www.faceit.com/pt-br/players/CEMEN_BAKIN/cs2/skins,6,4
https://www.faceit.com/pt/players/21kiyotaka/cs2/skins,6,2
https://www.faceit.com/zh/players/zweih666/cs2/skins,6,4
https://www.faceit.com/uk/players/b1st-/cs2/skins,6,4
https://www.faceit.com/uk/players/PIPIPOPAPISA/cs2/skins,6,5
https://www.faceit.com/ru/players/wswavdghfwd/cs2/skins,6,5
https://www.faceit.com/es/players/NertZ/cs2/skins,6,6
https://www.faceit.com/ru/players/flnJESUS/cs2/skins,6,6
https://www.faceit.com/en/players/KSCERATO/cs2/skins,6,4
https://www.faceit.com/ru/players/DrNotorious/cs2/skins,6,6
https://www.faceit.com/de/players/21kiyotaka/cs2/skins,6,5
https://www.faceit.com/uk/players/kelieN/cs2/skins,6,5
https://www.faceit.com/ru/players/BLESSEDD1/cs2/skins,6,4
https://www.faceit.com/uk/players/MC_TPAXEP666/cs2/skins,6,3
https://www.faceit.com/ru/players/Skoropupsi4/cs2/skins,6,1
https://www.faceit.com/ru/players/tired73/cs2/skins,6,6
https://www.faceit.com/en/players/tancerka/cs2/skins,6,2
https://www.faceit.com/en/players/KLYRO-/cs2/skins,6,4
https://www.faceit.com/en/players/Perfecto/cs2/skins,6,5
https://www.faceit.com/en/players/kirrra2009/cs2/skins,6,6
https://www.faceit.com/pl/players/y0k1d7331/cs2/skins,6,5
https://www.faceit.com/en/players/anastaze/cs2/skins,6,6
https://www.faceit.com/ru/players/MoDo/cs2/skins,6,4
https://www.faceit.com/hu/players/sl3nd-/cs2/skins,6,4
https://www.faceit.com/es/players/cabra/cs2/skins,6,6
https://www.faceit.com/fr/players/MartinezSa/cs2/skins,5,3
https://www.faceit.com/pt-br/players/MartinezSa/cs2/skins,5,3
https://www.faceit.com/zh/players/nocries/cs2/skins,5,5
https://www.faceit.com/fi/players/nocries/cs2/skins,5,4
https://www.faceit.com/ru/players/shox/cs2/skins,5,5
https://www.faceit.com/pt/players/aragqrnN/cs2/skins,5,4
https://www.faceit.com/pt/players/kennyS/cs2/skins,5,2
https://www.faceit.com/fr/players/kennyS/cs2/skins,5,3
https://www.faceit.com/de/players/jL-/cs2/skins,5,2
https://www.faceit.com/ru/players/mjwu/cs2/skins,5,3
https://www.faceit.com/en/players/LINAONE/cs2/skins,5,5
https://www.faceit.com/uk/players/kalyambys/cs2/skins,5,4
https://www.faceit.com/en/players/mmmotya/cs2/skins,5,5
https://www.faceit.com/tr/players/sl3nd-/cs2/skins,5,4
https://www.faceit.com/pl/players/frozen_-/cs2/skins,5,5
https://www.faceit.com/uk/players/guthriee/cs2/skins,5,4
https://www.faceit.com/de/players/jottAAA-/cs2/skins,5,3
https://www.faceit.com/ar/players/hyperlexia/cs2/skins,5,1
https://www.faceit.com/fr/players/h4RN1zanami/cs2/skins,5,4
https://www.faceit.com/pl/players/MartinezSa/cs2/skins,5,3
https://www.faceit.com/tr/players/m3wsu/cs2/skins,5,3
https://www.faceit.com/pl/players/broky/cs2/skins,5,4
https://www.faceit.com/en/players/kurozce/cs2/skins,5,5
https://www.faceit.com/ru/players/1vsworldxd/cs2/skins,5,5
https://www.faceit.com/ru/players/heavensenttt/cs2/skins,5,5
https://www.faceit.com/uk/players/rotation1437/cs2/skins,5,4
https://www.faceit.com/en/players/crackshot-/cs2/skins,5,3
https://www.faceit.com/ru/players/lonelysong/cs2/skins,5,2
https://www.faceit.com/ru/players/rawrmeowmeow/cs2/skins,5,2
https://www.faceit.com/ru/players/ncuxonatina/cs2/skins,5,5
https://www.faceit.com/ru/players/eeirhtug/cs2/skins,5,4
https://www.faceit.com/en/players/ssu1taN-/cs2/skins,5,5
https://www.faceit.com/uk/players/ct0m/cs2/skins,5,3
https://www.faceit.com/de/players/egopeek247/cs2/skins,5,1
https://www.faceit.com/en/players/airscape/cs2/skins,5,4
https://www.faceit.com/tr/players/mehmet4aos/cs2/skins,5,5
https://www.faceit.com/en/players/ticn-dicn/cs2/skins,5,3
https://www.faceit.com/pt/players/auraeater/cs2/skins,5,4
https://www.faceit.com/ru/players/hypocr1t3/cs2/skins,5,2
https://www.faceit.com/ru/players/MADIMODESTUB/cs2/skins,5,3
https://www.faceit.com/ru/players/Naraze/cs2/skins,5,4
https://www.faceit.com/ru/players/chmoebanoe/cs2/skins,5,2
https://www.faceit.com/en/players/Katkamee/cs2/skins,5,3
https://www.faceit.com/en/players/tudsoN/cs2/skins,5,5
https://www.faceit.com/en/players/1vsworlddd/cs2/skins,5,5
https://www.faceit.com/pl/players/Senzu-/cs2/skins,5,5
https://www.faceit.com/ru/players/fixiccc/cs2/skins,5,1
https://www.faceit.com/tr/players/QuickShare-/cs2/skins,5,4
https://www.faceit.com/fi/players/CEMEN_BAKIN/cs2/skins,4,4
https://www.faceit.com/ru/players/Brulich1252/cs2/skins,4,2
https://www.faceit.com/pt-br/players/cabra/cs2/skins,4,3
https://www.faceit.com/ru/players/h4RN1zanami/cs2/skins?,4,1
https://www.faceit.com/en/players/sk1zy/cs2/skins,4,2
https://www.faceit.com/ru/players/Magnojezzz/cs2/skins?,4,1
https://www.faceit.com/pl/players/zurys/cs2/skins,4,3
https://www.faceit.com/sv/players/hitori/cs2/skins,4,1
https://www.faceit.com/en/players/TvojaRit/cs2/skins,4,2
https://www.faceit.com/pl/players/-SYPH0/cs2/skins,4,3
https://www.faceit.com/en/players/fudzhy/cs2/skins,4,1
https://www.faceit.com/en/players/MC_TPAXEP666/cs2/skins,4,4
https://www.faceit.com/ru/players/deko_mental1/cs2/skins,4,4
https://www.faceit.com/uk/players/eeirhtug/cs2/skins,4,4
https://www.faceit.com/en/players/Janichka/cs2/skins,4,4
https://www.faceit.com/pt/players/s1zzi/cs2/skins,4,2
https://www.faceit.com/tr/players/-SYPH0/cs2/skins,4,4
https://www.faceit.com/ru/players/rqx-/cs2/skins,4,4
https://www.faceit.com/ru/players/narcoticmode/cs2/skins,4,2
https://www.faceit.com/pt/players/NertZ/cs2/skins,4,3
https://www.faceit.com/uk/players/m3wsu/cs2/skins,4,4
https://www.faceit.com/ru/players/--lucaZ--/cs2/skins,4,2
https://www.faceit.com/de/players/baz/cs2/skins,4,3
https://www.faceit.com/en/players/robo--/cs2/skins,4,3
https://www.faceit.com/uk/players/s1zzi/cs2/skins,4,4
https://www.faceit.com/ru/players/Wicadia/cs2/skins,4,4
https://www.faceit.com/fr/players/gwizdakk/cs2/skins,4,1
https://www.faceit.com/en/players/CEMEN_BAKIN/cs2/skins?,4,1
https://www.faceit.com/pt/players/gwizdakk/cs2/skins,4,2
https://www.faceit.com/ru/players/fylypyn1/cs2/skins,4,1
https://www.faceit.com/tr/players/rotation1437/cs2/skins,4,3
https://www.faceit.com/en/players/ahaahason666/cs2/skins,4,2
https://www.faceit.com/ru/players/s1zzi/cs2/skins?,4,1
https://www.faceit.com/ru/players/egopeek247/cs2/skins,4,3
https://www.faceit.com/ru/players/eblan666__/cs2/skins,4,4
https://www.faceit.com/en/players/guthriee/cs2/skins,4,4
https://www.faceit.com/tr/players/jresy/cs2/skins?,4,1
https://www.faceit.com/cs/players/nocries/cs2/skins,4,3
https://www.faceit.com/ru/players/fragolina-/cs2/skins,4,1
https://www.faceit.com/tr/players/baz/cs2/skins,4,3
https://www.faceit.com/ru/players/easy52/cs2/skins,4,4
https://www.faceit.com/en/players/flnJESUS/cs2/skins,4,3
https://www.faceit.com/pl/players/xKacpersky/cs2/skins?,4,1
https://www.faceit.com/en/players/-Daxver/cs2/skins,4,3
https://www.faceit.com/en/players/h67f/cs2/skins,4,2
https://www.faceit.com/pt/players/rmn/cs2/skins,4,3
https://www.faceit.com/pl/players/auraeater/cs2/skins,4,2
https://www.faceit.com/de/players/watchmefall/cs2/skins,4,4
https://www.faceit.com/pl/players/tsxnine/cs2/skins,4,4
https://www.faceit.com/ru/players/b0ris999/cs2/skins,3,2
https://www.faceit.com/pl/players/martyn2/cs2/skins,3,1
https://www.faceit.com/tr/players/twenty3/cs2/skins,3,2
https://www.faceit.com/pl/players/Lobanjica853/cs2/skins,3,3
https://www.faceit.com/fr/players/hyperlexia/cs2/skins,3,2
https://www.faceit.com/de/players/xKacpersky/cs2/skins,3,2
https://www.faceit.com/en/players/DEMON-GIRL17/cs2/skins,3,3
https://www.faceit.com/pt/players/h4RN1zanami/cs2/skins,3,3
https://www.faceit.com/pl/players/verso-topo/cs2/skins,3,1
https://www.faceit.com/pl/players/cairne-/cs2/skins,3,3
https://www.faceit.com/ru/players/DEMON-GIRL17/cs2/skins,3,2
https://www.faceit.com/hr/players/Fixedinho/cs2/skins,3,2
https://www.faceit.com/en/players/olleXD/cs2/skins,3,2
https://www.faceit.com/pl/players/ayanokojii/cs2/skins,3,1
https://www.faceit.com/ru/players/akaya/cs2/skins,3,1
https://www.faceit.com/fr/players/xKacpersky/cs2/skins,3,2
https://www.faceit.com/fr/players/kashl1d/cs2/skins,3,2
https://www.faceit.com/en/players/R-AnytimE/cs2/skins,3,1
https://www.faceit.com/uk/players/molodoy-/cs2/skins,3,3
https://www.faceit.com/en/players/nocries/cs2/skins?,3,1
https://www.faceit.com/ru/players/jL-/cs2/skins?,3,1
https://www.faceit.com/fi/players/pavlysha666/cs2/skins,3,1
https://www.faceit.com/zh/players/JBa/cs2/skins,3,3
https://www.faceit.com/pl/players/sl3nd-/cs2/skins,3,3
https://www.faceit.com/en/players/-working/cs2/skins,3,1
https://www.faceit.com/pl/players/baz/cs2/skins,3,2
https://www.faceit.com/pl/players/seascent/cs2/skins,3,1
https://www.faceit.com/pt-br/players/frontales/cs2/skins,3,3
https://www.faceit.com/tr/players/PleaseF1xMe/cs2/skins,3,2
https://www.faceit.com/de/players/ren/cs2/skins,3,3
https://www.faceit.com/es/players/zock/cs2/skins,3,3
https://www.faceit.com/fr/players/CEMEN_BAKIN/cs2/skins,3,2
https://www.faceit.com/fi/players/Solo-es/cs2/skins,3,3
https://www.faceit.com/ru/players/CEMEN_BAKIN/cs2/skins?,3,1
https://www.faceit.com/en/players/EXT1NCTI0N-/cs2/skins,3,3
https://www.faceit.com/en/players/xd1xd1xd1/cs2/skins,3,3
https://www.faceit.com/en/players/Pizza4P/cs2/skins,3,1
https://www.faceit.com/tr/players/FURIOUSSS/cs2/skins,3,3
https://www.faceit.com/ru/players/AzatMakubaev/cs2/skins,3,3
https://www.faceit.com/tr/players/irbitka/cs2/skins,3,2
https://www.faceit.com/es/players/hEAVENACHE11/cs2/skins,3,2
https://www.faceit.com/pt-br/players/s1zzi/cs2/skins,3,3
https://www.faceit.com/uk/players/nipl/cs2/skins,3,2
https://www.faceit.com/ru/players/m3wsu/cs2/skins?,3,1
https://www.faceit.com/sv/players/auraeater/cs2/skins,3,2
https://www.faceit.com/tr/players/-La1roN/cs2/skins,3,2
https://www.faceit.com/en/players/mysteryw0w/cs2/skins,3,3
https://www.faceit.com/uk/players/jL-/cs2/skins,3,3
https://www.faceit.com/en/players/wswavdghfwd/cs2/skins,3,2
https://www.faceit.com/uk/players/Murzofix/cs2/skins,3,2
https://www.faceit.com/ru/players/emomode_/cs2/skins,3,2
https://www.faceit.com/en/players/ERD1ST/cs2/skins,3,1
https://www.faceit.com/ru/players/-limpy-/cs2/skins,3,2
https://www.faceit.com/en/players/hEAVENACHE11/cs2/skins?,3,1
https://www.faceit.com/pl/players/rotation1437/cs2/skins,3,3
https://www.faceit.com/fr/players/21kiyotaka/cs2/skins,3,3
https://www.faceit.com/uk/players/JBa/cs2/skins,3,2
https://www.faceit.com/zh/players/broky/cs2/skins,3,2
https://www.faceit.com/en/players/kurosa/cs2/skins,3,3
https://www.faceit.com/uk/players/NertZ/cs2/skins,3,3
https://www.faceit.com/es/players/CEMEN_BAKIN/cs2/skins,3,3
https://www.faceit.com/en/players/dement3r-/cs2/skins,3,2
https://www.faceit.com/tr/players/21kiyotaka/cs2/skins,3,3
https://www.faceit.com/en/players/DrNotorious/cs2/skins,3,3
https://www.faceit.com/fr/players/b1st-/cs2/skins,3,2
https://www.faceit.com/ru/players/ihatebots111/cs2/skins,3,2
https://www.faceit.com/tr/players/youka/cs2/skins,3,3
https://www.faceit.com/ru/players/ShaLun/cs2/skins?,3,1
https://www.faceit.com/ru/players/Olda123/cs2/skins,3,3
https://www.faceit.com/tr/players/segukawa/cs2/skins,3,1
https://www.faceit.com/sv/players/hyperlexia/cs2/skins,3,2
https://www.faceit.com/de/players/StRoGo/cs2/skins,3,2
https://www.faceit.com/ru/players/tudsoN/cs2/skins,3,2
https://www.faceit.com/en/players/ayanokojii/cs2/skins,3,2
https://www.faceit.com/en/players/pressuree/cs2/skins,3,3
https://www.faceit.com/de/players/hEAVENACHE11/cs2/skins,3,3
https://www.faceit.com/ru/players/seascent/cs2/skins,3,2
https://www.faceit.com/ru/players/s-chilla/cs2/skins?,3,1
https://www.faceit.com/en/players/-FNEE/cs2/skins,3,1
https://www.faceit.com/ru/players/Vej/cs2/skins,3,2
https://www.faceit.com/de/players/Goofiacz/cs2/skins,3,1
https://www.faceit.com/pt/players/diogosilvaaa/cs2/skins,3,2
https://www.faceit.com/ru/players/DarkMe1st3R/cs2/skins,3,2
https://www.faceit.com/fi/players/MADI_FLY/cs2/skins,3,2
https://www.faceit.com/ru/players/Solo-es/cs2/skins?,3,1
https://www.faceit.com/uk/players/Solo-es/cs2/skins,3,2
https://www.faceit.com/pl/players/500hazet/cs2/skins,3,3
https://www.faceit.com/en/players/nezzi/cs2/skins,3,3
https://www.faceit.com/uk/players/nedorufe/cs2/skins,3,2
https://www.faceit.com/en/players/niszera/cs2/skins,3,3
https://www.faceit.com/ru/players/k0gaSs/cs2/skins?,3,1
https://www.faceit.com/de/players/Matheos/cs2/skins,3,1
https://www.faceit.com/tr/players/xKacpersky/cs2/skins,3,3
https://www.faceit.com/tr/players/Norwi-/cs2/skins,3,1
https://www.faceit.com/ru/players/lolotron12/cs2/skins,3,3
https://www.faceit.com/ru/players/rotation1437/cs2/skins?,2,1
https://www.faceit.com/tr/players/ismail/cs2/skins,2,1
https://www.faceit.com/ja/players/donk/cs2/skins,2,1
https://www.faceit.com/en/players/-Kwai/cs2/skins,2,1
https://www.faceit.com/fr/players/em0k1d/cs2/skins,2,1
https://www.faceit.com/sv/players/zweih666/cs2/skins,2,2
https://www.faceit.com/ru/players/auraeater/cs2/skins?,2,1
https://www.faceit.com/en/players/FindusH1/cs2/skins,2,1
https://www.faceit.com/en/players/mehmet4aos/cs2/skins,2,2
https://www.faceit.com/ru/players/nedorufe/cs2/skins?,2,1
https://www.faceit.com/pl/players/brnK-/cs2/skins,2,2
https://www.faceit.com/en/players/h4RN1zanami/cs2/skins?,2,1
https://www.faceit.com/pl/players/aragqrnN/cs2/skins,2,2
https://www.faceit.com/ru/players/falkraM-/cs2/skins,2,2
https://www.faceit.com/pt-br/players/NertZ/cs2/skins,2,2
https://www.faceit.com/pt-br/players/segukawa/cs2/skins,2,1
https://www.faceit.com/ru/players/hhakuu/cs2/skins?,2,1
https://www.faceit.com/uk/players/kensizor/cs2/skins,2,1
https://www.faceit.com/uk/players/cobrazera/cs2/skins,2,2
https://www.faceit.com/uk/players/h4RN1zanami/cs2/skins,2,1
https://www.faceit.com/ru/players/kirazork/cs2/skins,2,2
https://www.faceit.com/ru/players/MartinezSa/cs2/skins,2,2
https://www.faceit.com/uk/players/Ibby/cs2/skins,2,1
https://www.faceit.com/ru/players/R-AnytimE/cs2/skins,2,1
https://www.faceit.com/de/players/KLYRO-/cs2/skins,2,1
https://www.faceit.com/en/players/easy52/cs2/skins,2,2
https://www.faceit.com/ru/players/irbitka/cs2/skins?,2,1
https://www.faceit.com/sv/players/NertZ/cs2/skins,2,1
https://www.faceit.com/pl/players/StRoGo/cs2/skins,2,2
https://www.faceit.com/en/players/vryko/cs2/skins,2,1
https://www.faceit.com/en/players/MartinezSa/cs2/skins?,2,1
https://www.faceit.com/pl/players/t3ns1on/cs2/skins,2,2
https://www.faceit.com/pt-br/players/yellowfever/cs2/skins,2,1
https://www.faceit.com/fi/players/ct0m/cs2/skins,2,1
https://www.faceit.com/ru/players/bulimasa/cs2/skins,2,1
https://www.faceit.com/en/players/flouzer/cs2/skins,2,2
https://www.faceit.com/en/players/karma-1/cs2/skins,2,1
https://www.faceit.com/ru/players/MC_TPAXEP666/cs2/skins?,2,1
https://www.faceit.com/en/players/BeerDoDan/cs2/skins,2,1
https://www.faceit.com/sv/players/nocries/cs2/skins,2,2
https://www.faceit.com/tr/players/kalyambys/cs2/skins,2,1
https://www.faceit.com/tr/players/ERD1ST/cs2/skins,2,2
https://www.faceit.com/pl/players/cobrazera/cs2/skins,2,2
https://www.faceit.com/en/players/beemory/cs2/skins,2,1
https://www.faceit.com/pt-br/players/--Mokuj1n/cs2/skins,2,2
https://www.faceit.com/pl/players/Olda123/cs2/skins,2,2
https://www.faceit.com/tr/players/adex_-/cs2/skins,2,1
https://www.faceit.com/es/players/kennyS/cs2/skins,2,1
https://www.faceit.com/en/players/LUKENSSJGOD/cs2/skins,2,2
https://www.faceit.com/en/players/heavensenttt/cs2/skins,2,2
https://www.faceit.com/ru/players/Tri-Borgg1/cs2/skins?,2,1
https://www.faceit.com/sv/players/jL-/cs2/skins,2,2
https://www.faceit.com/pl/players/eblan666__/cs2/skins,2,2
https://www.faceit.com/ru/players/3000chains/cs2/skins?,2,1
https://www.faceit.com/en/players/TOKYOPEEK/cs2/skins,2,1
https://www.faceit.com/tr/players/s4rsen-/cs2/skins,2,1
https://www.faceit.com/en/players/lenni1234567/cs2/skins,2,2
https://www.faceit.com/es/players/-SYPH0/cs2/skins,2,2
https://www.faceit.com/ru/players/nocries/cs2/skins?,2,1
https://www.faceit.com/ru/players/313/cs2/skins,2,2
https://www.faceit.com/en/players/mjwu/cs2/skins,2,1
https://www.faceit.com/en/players/StRoGo/cs2/skins?,2,1
https://www.faceit.com/tr/players/auraeater/cs2/skins,2,2
https://www.faceit.com/pt-br/players/1junior/cs2/skins,2,1
https://www.faceit.com/de/players/GAROiCHE/cs2/skins,2,1
https://www.faceit.com/pt/players/Solo-es/cs2/skins,2,2
https://www.faceit.com/pl/players/hEAVENACHE11/cs2/skins,2,2
https://www.faceit.com/es/players/y0k1d7331/cs2/skins,2,2
https://www.faceit.com/en/players/_313_/cs2/skins,2,2
https://www.faceit.com/de/players/D0KT0R3N/cs2/skins,2,1
https://www.faceit.com/de/players/-SYPH0/cs2/skins,2,2
https://www.faceit.com/ru/players/serpuz1Ik/cs2/skins,2,1
https://www.faceit.com/pt-br/players/KSCERATO/cs2/skins,2,2
https://www.faceit.com/ru/players/Recrent/cs2/skins?,2,1
https://www.faceit.com/en/players/kashl1d/cs2/skins?,2,1
https://www.faceit.com/en/players/DavidLithium/cs2/skins,2,1
https://www.faceit.com/ru/players/fudzhy/cs2/skins?,2,1
https://www.faceit.com/en/players/isagi/cs2/skins,2,2
https://www.faceit.com/cs/players/Perfecto/cs2/skins,2,1
https://www.faceit.com/en/players/QuickSharee/cs2/skins,2,1
https://www.faceit.com/uk/players/1mmovable/cs2/skins,2,1
https://www.faceit.com/fi/players/auraeater/cs2/skins,2,2
https://www.faceit.com/es/players/COLAPINTO43/cs2/skins,2,2
https://www.faceit.com/de/players/s-chilla/cs2/skins,2,2
https://www.faceit.com/sv/players/xKacpersky/cs2/skins,2,1
https://www.faceit.com/es/players/Magnojezzz/cs2/skins,2,1
https://www.faceit.com/fr/players/-krazy/cs2/skins,2,1
https://www.faceit.com/pl/players/PEVOR/cs2/skins?,2,1
https://www.faceit.com/uk/players/21kiyotaka/cs2/skins,2,2
https://www.faceit.com/uk/players/ticn-dicn/cs2/skins,2,2
https://www.faceit.com/de/players/martyn2/cs2/skins,2,1
https://www.faceit.com/tr/players/zibert1715/cs2/skins,2,1
https://www.faceit.com/tr/players/Magnojezzz/cs2/skins,2,2
https://www.faceit.com/fr/players/jresy/cs2/skins,2,1
https://www.faceit.com/sv/players/vryko/cs2/skins,2,1
https://www.faceit.com/en/players/soulfly/cs2/skins,2,2
https://www.faceit.com/en/players/COLAPINTO43/cs2/skins,2,1
https://www.faceit.com/vi/players/donk/cs2/skins,2,1
https://www.faceit.com/tr/players/h4RNgAdd--/cs2/skins,2,2
https://www.faceit.com/pl/players/Kubus187erz/cs2/skins,2,1
https://www.faceit.com/pl/players/shox/cs2/skins,2,2
https://www.faceit.com/ru/players/molodoy-/cs2/skins?,2,1
https://www.faceit.com/ru/players/lootikk/cs2/skins,2,1
https://www.faceit.com/en/players/-100perday/cs2/skins,2,1
https://www.faceit.com/uk/players/-krazy/cs2/skins,2,1
https://www.faceit.com/fr/players/MEGAZEUB/cs2/skins,2,1
https://www.faceit.com/ru/players/iBALLY/cs2/skins,2,2
https://www.faceit.com/pl/players/Norwi-/cs2/skins,2,2
https://www.faceit.com/sv/players/s1zzi/cs2/skins,2,2
https://www.faceit.com/pt-br/players/twenty3/cs2/skins,2,1
https://www.faceit.com/ru/players/EXT1NCTI0N-/cs2/skins,2,1
https://www.faceit.com/uk/players/zibert1715/cs2/skins?,2,1
https://www.faceit.com/zh/players/gwizdakk/cs2/skins,2,2
https://www.faceit.com/ru/players/AAAyuPOV/cs2/skins,2,2
https://www.faceit.com/uk/players/aragqrnN/cs2/skins,2,2
https://www.faceit.com/tr/players/Recrent/cs2/skins,2,2
https://www.faceit.com/ru/players/D0KT0R3N/cs2/skins,2,2
https://www.faceit.com/pt/players/irbitka/cs2/skins,2,1
https://www.faceit.com/de/players/Lobanjica853/cs2/skins,2,1
https://www.faceit.com/tr/players/martyn2/cs2/skins,2,2
https://www.faceit.com/sv/players/heavensenttt/cs2/skins,2,1
https://www.faceit.com/ru/players/adex_-/cs2/skins,2,2
https://www.faceit.com/ru/players/baz/cs2/skins?,2,1
https://www.faceit.com/tr/players/s1zzi/cs2/skins,2,2
https://www.faceit.com/fr/players/MITssy2/cs2/skins,2,2
https://www.faceit.com/fr/players/ren/cs2/skins,2,1
https://www.faceit.com/de/players/aragqrnN/cs2/skins,2,2
https://www.faceit.com/de/players/Wicadia/cs2/skins,2,1
https://www.faceit.com/ru/players/dEs0leyt/cs2/skins,2,2
https://www.faceit.com/en/players/ryvbo/cs2/skins,2,2
https://www.faceit.com/tr/players/Perfecto/cs2/skins,2,1
https://www.faceit.com/sv/players/em0k1d/cs2/skins,2,1
https://www.faceit.com/pl/players/kalyambys/cs2/skins,2,1
https://www.faceit.com/tr/players/QuickSharee/cs2/skins,2,2
https://www.faceit.com/en/players/DANC3DANC3/cs2/skins,2,2
https://www.faceit.com/ru/players/diogosilvaaa/cs2/skins,2,1
https://www.faceit.com/ru/players/PIPIPOPAPISA/cs2/skins?,2,1
https://www.faceit.com/en/players/NertZ/cs2/skins?,2,1
https://www.faceit.com/en/players/bezimienny/cs2/skins?,2,1
https://www.faceit.com/fr/players/day0sh4h4/cs2/skins,2,2
https://www.faceit.com/es/players/frontales/cs2/skins,2,2
https://www.faceit.com/pl/players/Compl1/cs2/skins,2,2
https://www.faceit.com/fi/players/day0sh4h4/cs2/skins,2,2
https://www.faceit.com/ru/players/refmik/cs2/skins,2,1
https://www.faceit.com/ru/players/y0k1d7331/cs2/skins?,2,1
https://www.faceit.com/tr/players/auNkeRe/cs2/skins,2,2
https://www.faceit.com/en/players/anomaly/cs2/skins,2,2
https://www.faceit.com/pl/players/h4RNgAdd--/cs2/skins,2,2
https://www.faceit.com/fr/players/martyn2/cs2/skins,2,2
https://www.faceit.com/ru/players/StRoGo/cs2/skins?,2,1
https://www.faceit.com/en/players/triadah4h4/cs2/skins,2,2
https://www.faceit.com/cs/players/auraeater/cs2/skins,2,1
https://www.faceit.com/hr/players/nocries/cs2/skins,2,2
https://www.faceit.com/en/players/kayvan/cs2/skins,2,2
https://www.faceit.com/fi/players/JBa/cs2/skins,2,1
https://www.faceit.com/ru/players/Jaytzyy/cs2/skins,2,1
https://www.faceit.com/es/players/cairne-/cs2/skins,2,1
https://www.faceit.com/es/players/rotation1437/cs2/skins,2,2
https://www.faceit.com/uk/players/tired73/cs2/skins,2,1
https://www.faceit.com/tr/players/hyperlexia/cs2/skins,2,2
https://www.faceit.com/ru/players/yncto/cs2/skins?,2,1
https://www.faceit.com/pl/players/jL-/cs2/skins,2,2
https://www.faceit.com/fi/players/mad3/cs2/skins,2,1
https://www.faceit.com/en/players/MEGAZEUB/cs2/skins,2,1
https://www.faceit.com/es/players/schizoaf/cs2/skins,2,1
https://www.faceit.com/pl/players/arabka/cs2/skins,2,2
https://www.faceit.com/en/players/ciouscious/cs2/skins,2,1
https://www.faceit.com/tr/players/KLYRO-/cs2/skins,2,1
https://www.faceit.com/ru/players/SzeliS/cs2/skins,2,2
https://www.faceit.com/pt-br/players/flnJESUS/cs2/skins,2,2
https://www.faceit.com/uk/players/auraeater/cs2/skins,2,2
https://www.faceit.com/en/players/bulimasa/cs2/skins,2,2
https://www.faceit.com/pl/players/s-chilla/cs2/skins,2,2
https://www.faceit.com/en/players/rqx-/cs2/skins,2,1
https://www.faceit.com/ru/players/3000chains/cs2/skins,2,1
https://www.faceit.com/ru/players/freakazoid/cs2/skins,2,2
https://www.faceit.com/en/players/xKacpersky/cs2/skins?,1,1
https://www.faceit.com/ru/players/ellf1x/cs2/skins?,1,1
https://www.faceit.com/fr/players/s1zzi/cs2/skins,1,1
https://www.faceit.com/en/players/ArrowCS/cs2/skins,1,1
https://www.faceit.com/pl/players/3000chains/cs2/skins,1,1
https://www.faceit.com/es/players/donk/cs2/skins,1,1
https://www.faceit.com/cs/players/Matheos/cs2/skins,1,1
https://www.faceit.com/en/players/--lucaZ--/cs2/skins,1,1
https://www.faceit.com/de/players/Magnojezzz/cs2/skins,1,1
https://www.faceit.com/pt-br/players/kelieN/cs2/skins?,1,1
https://www.faceit.com/pt-br/players/broky/cs2/skins,1,1
https://www.faceit.com/ja/players/StRoGo/cs2/skins,1,1
https://www.faceit.com/ru/players/ren/cs2/skins,1,1
https://www.faceit.com/pl/players/auNkeRe/cs2/skins,1,1
https://www.faceit.com/hu/players/kennyS/cs2/skins,1,1
https://www.faceit.com/es/players/nezzi/cs2/skins,1,1
https://www.faceit.com/pt-br/players/FURIOUSSS/cs2/skins,1,1
https://www.faceit.com/zh/players/fudzhy/cs2/skins,1,1
https://www.faceit.com/ru/players/b1st-/cs2/skins?,1,1
https://www.faceit.com/de/players/yellowfever/cs2/skins,1,1
https://www.faceit.com/pl/players/EXT1NCTI0N-/cs2/skins,1,1
https://www.faceit.com/sv/players/hinken11/cs2/skins,1,1
https://www.faceit.com/pl/players/rqx-/cs2/skins,1,1
https://www.faceit.com/pl/players/kelieN/cs2/skins,1,1
https://www.faceit.com/fr/players/auraeater/cs2/skins,1,1
https://www.faceit.com/th/players/frozen_-/cs2/skins,1,1
https://www.faceit.com/ru/players/kashl1d/cs2/skins?,1,1
https://www.faceit.com/fr/players/JBa/cs2/skins,1,1
https://www.faceit.com/en/players/sxxtasy/cs2/skins,1,1
https://www.faceit.com/tr/players/Drogba11/cs2/skins,1,1
https://www.faceit.com/en/players/GAROiCHE/cs2/skins,1,1
https://www.faceit.com/ru/players/n4sty-_-/cs2/skins,1,1
https://www.faceit.com/pt/players/bezimienny/cs2/skins,1,1
https://www.faceit.com/uk/players/Compl1/cs2/skins,1,1
https://www.faceit.com/ru/players/PEVOR/cs2/skins,1,1
https://www.faceit.com/zh/players/xKacpersky/cs2/skins,1,1
https://www.faceit.com/en/players/Blazeyy/cs2/skins,1,1
https://www.faceit.com/pl/players/FURIOUSSS/cs2/skins,1,1
https://www.faceit.com/pt/players/NexusMB/cs2/skins,1,1
https://www.faceit.com/ru/players/StRoGo/cs2/skins[/URL],1,1
https://www.faceit.com/pl/players/NexusMB/cs2/skins,1,1
https://www.faceit.com/tr/players/-DELIK/cs2/skins,1,1
https://www.faceit.com/fi/players/hyperlexia/cs2/skins,1,1
https://www.faceit.com/pl/players/JBa/cs2/skins,1,1
https://www.faceit.com/pt-br/players/h4RN1zanami/cs2/skins,1,1
https://www.faceit.com/pt-br/players/xne/cs2/skins,1,1
https://www.faceit.com/fi/players/xKacpersky/cs2/skins,1,1
https://www.faceit.com/fi/players/rotation1437/cs2/skins,1,1
https://www.faceit.com/pt/players/ren/cs2/skins,1,1
https://www.faceit.com/ru/players/ct0m/cs2/skins?,1,1
https://www.faceit.com/pl/players/irbitka/cs2/skins,1,1
https://www.faceit.com/ru/players/mad_panic/cs2/skins,1,1
https://www.faceit.com/tr/players/shox/cs2/skins,1,1
https://www.faceit.com/ru/players/SANYAXAKEP/cs2/skins?,1,1
https://www.faceit.com/sv/players/Wicadia/cs2/skins,1,1
https://www.faceit.com/de/players/SzeliS/cs2/skins,1,1
https://www.faceit.com/fr/players/kelieN/cs2/skins,1,1
https://www.faceit.com/pl/players/MITssy2/cs2/skins,1,1
https://www.faceit.com/en/players/madykk/cs2/skins,1,1
https://www.faceit.com/uk/players/-SYPH0/cs2/skins,1,1
https://www.faceit.com/pl/players/hhakuu/cs2/skins,1,1
https://www.faceit.com/sv/players/shox/cs2/skins,1,1
https://www.faceit.com/en/players/dEs0leyt/cs2/skins,1,1
https://www.faceit.com/en/players/sh3zox/cs2/skins,1,1
https://www.faceit.com/hr/players/hitori/cs2/skins,1,1
https://www.faceit.com/ru/players/razevitalya/cs2/skins,1,1
https://www.faceit.com/en/players/pavlysha666/cs2/skins,1,1
https://www.faceit.com/tr/players/SzeliS/cs2/skins,1,1
https://www.faceit.com/pl/players/MarniTee/cs2/skins,1,1
https://www.faceit.com/hu/players/h4RN1zanami/cs2/skins,1,1
https://www.faceit.com/es/players/lukickass/cs2/skins,1,1
https://www.faceit.com/en/players/Norwi-/cs2/skins?,1,1
https://www.faceit.com/ru/players/FaithDoubleG/cs2/skins,1,1
https://www.faceit.com/tr/players/cobrazera/cs2/skins,1,1
https://www.faceit.com/en/players/MoDo/cs2/skins?,1,1
https://www.faceit.com/en/players/qweeqwqweqwe/cs2/skins,1,1
https://www.faceit.com/tr/players/bezimienny/cs2/skins,1,1
https://www.faceit.com/fr/players/y0k1d7331/cs2/skins,1,1
https://www.faceit.com/zh/players/donk/cs2/skins,1,1
https://www.faceit.com/zh/players/jresy/cs2/skins,1,1
https://www.faceit.com/en/players/Tri-Borgg1/cs2/skins,1,1
https://www.faceit.com/en/players/gxada/cs2/skins,1,1
https://www.faceit.com/fi/players/PIPIPOPAPISA/cs2/skins,1,1
https://www.faceit.com/ar/players/b1st-/cs2/skins,1,1
https://www.faceit.com/uk/players/Jorko/cs2/skins,1,1
https://www.faceit.com/pl/players/crackshot-/cs2/skins,1,1
https://www.faceit.com/ru/players/confiscation/cs2/skins,1,1
https://www.faceit.com/de/players/-krazy/cs2/skins,1,1
https://www.faceit.com/fi/players/sl3nd-/cs2/skins,1,1
https://www.faceit.com/fr/players/cobrazera/cs2/skins,1,1
https://www.faceit.com/uk/players/zweih666/cs2/skins,1,1
https://www.faceit.com/fi/players/youka/cs2/skins,1,1
https://www.faceit.com/ru/players/cabra/cs2/skins,1,1
https://www.faceit.com/uk/players/shox/cs2/skins,1,1
https://www.faceit.com/de/players/sl3nd-/cs2/skins,1,1
https://www.faceit.com/tr/players/tudsoN/cs2/skins,1,1
https://www.faceit.com/en/players/s4rsen-/cs2/skins,1,1
https://www.faceit.com/fi/players/kirrra2009/cs2/skins,1,1
https://www.faceit.com/tr/players/zurys/cs2/skins,1,1
https://www.faceit.com/de/players/cabra/cs2/skins,1,1
https://www.faceit.com/uk/players/adex_-/cs2/skins,1,1
https://www.faceit.com/de/players/cobrazera/cs2/skins,1,1
https://www.faceit.com/de/players/JBa/cs2/skins,1,1
https://www.faceit.com/sv/players/eblan666__/cs2/skins,1,1
https://www.faceit.com/ko/players/CEMEN_BAKIN/cs2/skins,1,1
https://www.faceit.com/zh/players/MartinezSa/cs2/skins,1,1
https://www.faceit.com/ru/players/FURIOUSSS/cs2/skins,1,1
https://www.faceit.com/en/players/DROPSKIN/cs2/skins,1,1
https://www.faceit.com/pt/players/soulfly/cs2/skins,1,1
https://www.faceit.com/tr/players/Griller1221/cs2/skins,1,1
https://www.faceit.com/hu/players/MartinezSa/cs2/skins,1,1
https://www.faceit.com/pl/players/zibert1715/cs2/skins,1,1
https://www.faceit.com/pl/players/meowsui/cs2/skins,1,1
https://www.faceit.com/es/players/h4RN1zanami/cs2/skins,1,1
https://www.faceit.com/th/players/Jaytzyy/cs2/skins,1,1
https://www.faceit.com/tr/players/s-chilla/cs2/skins,1,1
https://www.faceit.com/en/players/zibert1715/cs2/skins?,1,1
https://www.faceit.com/zh/players/h4RN1zanami/cs2/skins,1,1
https://www.faceit.com/fr/players/27eleven/cs2/skins,1,1
https://www.faceit.com/cs/players/MoDo/cs2/skins,1,1
https://www.faceit.com/pl/players/gwizdakk/cs2/skins?,1,1
https://www.faceit.com/en/players/Happyt778/cs2/skins,1,1
https://www.faceit.com/zh/players/frozen_-/cs2/skins,1,1
https://www.faceit.com/ja/players/MoDo/cs2/skins,1,1
https://www.faceit.com/fi/players/hEAVENACHE11/cs2/skins,1,1
https://www.faceit.com/ru/players/useRef/cs2/skins,1,1
https://www.faceit.com/en/players/Recrent/cs2/skins?,1,1
https://www.faceit.com/th/players/zibert1715/cs2/skins,1,1
https://www.faceit.com/zh/players/soulfly/cs2/skins,1,1
https://www.faceit.com/tr/players/Lobanjica853/cs2/skins,1,1
https://www.faceit.com/ru/players/ahaahason666/cs2/skins,1,1
https://www.faceit.com/pl/players/Magnojezzz/cs2/skins?,1,1
https://www.faceit.com/en/players/DeadInMarch/cs2/skins,1,1
https://www.faceit.com/cs/players/zweih666/cs2/skins,1,1
https://www.faceit.com/ru/players/em0k1d/cs2/skins?,1,1
https://www.faceit.com/es/players/Murzofix/cs2/skins,1,1
https://www.faceit.com/sv/players/Lobanjica853/cs2/skins,1,1
https://www.faceit.com/tr/players/hitori/cs2/skins,1,1
https://www.faceit.com/en/players/fixiccc/cs2/skins,1,1
https://www.faceit.com/zh/players/molodoy-/cs2/skins,1,1
https://www.faceit.com/uk/players/meloch/cs2/skins,1,1
https://www.faceit.com/pl/players/flnJESUS/cs2/skins,1,1
https://www.faceit.com/ru/players/Th0masHD-/cs2/skins,1,1
https://www.faceit.com/es/players/flnJESUS/cs2/skins,1,1
https://www.faceit.com/pt/players/jottAAA-/cs2/skins,1,1
https://www.faceit.com/en/players/rmn/cs2/skins,1,1
https://www.faceit.com/sv/players/anomaly/cs2/skins,1,1
https://www.faceit.com/en/players/baz/cs2/skins?,1,1
https://www.faceit.com/pl/players/Wicadia/cs2/skins,1,1
https://www.faceit.com/pl/players/Naraze/cs2/skins,1,1
https://www.faceit.com/pl/players/ct0m/cs2/skins,1,1
https://www.faceit.com/ru/players/-Daxver/cs2/skins?,1,1
https://www.faceit.com/pl/players/okzz/cs2/skins,1,1
https://www.faceit.com/ru/players/oxygen/cs2/skins,1,1
https://www.faceit.com/de/players/donk/cs2/skins,1,1
https://www.faceit.com/ru/players/yellowfever/cs2/skins?,1,1
https://www.faceit.com/tr/players/qweeqwqweqwe/cs2/skins,1,1
https://www.faceit.com/es/players/b1st-/cs2/skins,1,1
https://www.faceit.com/de/players/-La1roN/cs2/skins,1,1
https://www.faceit.com/pt-br/players/kashl1d/cs2/skins,1,1
https://www.faceit.com/ru/players/closetape/cs2/skins?,1,1
https://www.faceit.com/uk/players/twenty3/cs2/skins,1,1
https://www.faceit.com/sv/players/jottAAA-/cs2/skins,1,1
https://www.faceit.com/en/players/ktap/cs2/skins?,1,1
https://www.faceit.com/en/players/zock/cs2/skins,1,1
https://www.faceit.com/en/players/hhakuu/cs2/skins?,1,1
https://www.faceit.com/fr/players/Murzofix/cs2/skins,1,1
https://www.faceit.com/pl/players/Solo-es/cs2/skins,1,1
https://www.faceit.com/hr/players/b1st-/cs2/skins,1,1
https://www.faceit.com/ja/players/baz/cs2/skins,1,1
https://www.faceit.com/de/players/kennyS/cs2/skins,1,1
https://www.faceit.com/ru/players/kelieN/cs2/skins?,1,1
https://www.faceit.com/cs/players/21kiyotaka/cs2/skins,1,1
https://www.faceit.com/pt-br/players/Wicadia/cs2/skins,1,1
https://www.faceit.com/fi/players/AbduHalil/cs2/skins,1,1
https://www.faceit.com/en/players/auNkeRe/cs2/skins?,1,1
https://www.faceit.com/en/players/b1st-/cs2/skins?,1,1
https://www.faceit.com/uk/players/t3ns1on/cs2/skins?,1,1
https://www.faceit.com/en/players/hasteile/cs2/skins,1,1
https://www.faceit.com/uk/players/Bandurka/cs2/skins,1,1
https://www.faceit.com/en/players/useRef/cs2/skins,1,1
https://www.faceit.com/pt/players/jresy/cs2/skins,1,1
https://www.faceit.com/ru/players/auNkeRe/cs2/skins?,1,1
https://www.faceit.com/pt-br/players/wswavdghfwd/cs2/skins,1,1
https://www.faceit.com/ru/players/KSCERATO/cs2/skins,1,1
https://www.faceit.com/es/players/zweih666/cs2/skins,1,1
https://www.faceit.com/pt-br/players/Recrent/cs2/skins,1,1
https://www.faceit.com/ru/players/isagi/cs2/skins,1,1
https://www.faceit.com/sv/players/-SYPH0/cs2/skins,1,1
https://www.faceit.com/hu/players/Solo-es/cs2/skins,1,1
https://www.faceit.com/ru/players/MucTopMyc0p/cs2/skins?,1,1
https://www.faceit.com/uk/players/ShaLun/cs2/skins,1,1
https://local.faceit.com:3000/en/players/const/cs2/skins,1,1
https://www.faceit.com/pl/players/soulfly/cs2/skins,1,1
https://www.faceit.com/fi/players/broky/cs2/skins,1,1
https://www.faceit.com/hr/players/JBa/cs2/skins,1,1
https://www.faceit.com/pl/players/Jorko/cs2/skins,1,1
https://faceit.com/en/players/murzofix/cs2/skins,1,1
https://www.faceit.com/fr/players/Drogba11/cs2/skins,1,1
https://www.faceit.com/tr/players/tired73/cs2/skins,1,1
https://www.faceit.com/fr/players/-SYPH0/cs2/skins,1,1
https://www.faceit.com/ru/players/NexusMB/cs2/skins,1,1
https://www.faceit.com/es/players/Senzu-/cs2/skins,1,1
https://www.faceit.com/pt-br/players/kelieN/cs2/skins,1,1
https://www.faceit.com/fi/players/FURIOUSSS/cs2/skins,1,1
https://www.faceit.com/tr/players/Goofiacz/cs2/skins,1,1
https://www.faceit.com/pt/players/baz/cs2/skins,1,1
https://www.faceit.com/fi/players/b1st-/cs2/skins,1,1
https://www.faceit.com/pt/players/jL-/cs2/skins,1,1
https://www.faceit.com/fi/players/m3wsu/cs2/skins,1,1
https://www.faceit.com/fi/players/NertZ/cs2/skins,1,1
https://www.faceit.com/ru/players/simpIekazakh/cs2/skins,1,1
https://www.faceit.com/en/players/N3tut1/cs2/skins,1,1
https://www.faceit.com/en/players/falkraM-/cs2/skins,1,1
https://www.faceit.com/sv/players/Magnojezzz/cs2/skins,1,1
https://www.faceit.com/en/players/verso-topo/cs2/skins?,1,1
https://www.faceit.com/uk/players/sl3nd-/cs2/skins,1,1
https://www.faceit.com/tr/players/y0k1d7331/cs2/skins,1,1
https://www.faceit.com/fr/players/Recrent/cs2/skins,1,1
https://www.faceit.com/pl/players/eeirhtug/cs2/skins,1,1
https://www.faceit.com/en/players/moritzn85/cs2/skins,1,1
https://www.faceit.com/en/players/flnJESUS/cs2/skins?,1,1
https://www.faceit.com/tr/players/D0KT0R3N/cs2/skins,1,1
https://www.faceit.com/en/players/b0ris999/cs2/skins?,1,1
https://www.faceit.com/en/players/Naraze/cs2/skins,1,1
https://www.faceit.com/en/players/s-chilla/cs2/skins?,1,1
https://www.faceit.com/pt/players/t3ns1on/cs2/skins,1,1
https://www.faceit.com/sv/players/kashl1d/cs2/skins,1,1
https://www.faceit.com/tr/players/jottAAA-/cs2/skins?,1,1
https://www.faceit.com/pt-br/players/h4RNgAdd--/cs2/skins,1,1
https://www.faceit.com/ru/players/Murzofix/cs2/skins?,1,1
https://faceit.com/ru/players/donk/cs2/skins,1,1
https://www.faceit.com/ru/players/zurys/cs2/skins,1,1
https://www.faceit.com/en/players/ellf1x/cs2/skins,1,1
https://www.faceit.com/en/players/QuickShare-/cs2/skins,1,1
https://www.faceit.com/zh/players/KSCERATO/cs2/skins,1,1
https://www.faceit.com/tr/players/sakha/cs2/skins,1,1
https://www.faceit.com/pt/players/b1st-/cs2/skins,1,1
https://www.faceit.com/cs/players/CEMEN_BAKIN/cs2/skins,1,1
https://www.faceit.com/uk/players/CasieLokhart/cs2/skins,1,1
https://www.faceit.com/tr/players/MoDo/cs2/skins,1,1
https://www.faceit.com/pt/players/s-chilla/cs2/skins,1,1
https://www.faceit.com/pt/players/egopeek247/cs2/skins,1,1
https://www.faceit.com/uk/players/jresy/cs2/skins,1,1
https://www.faceit.com/fr/players/ct0m/cs2/skins,1,1
https://www.faceit.com/pl/players/mehmet4aos/cs2/skins,1,1
https://www.faceit.com/ru/players/hikaura/cs2/skins,1,1
https://www.faceit.com/es/players/Compl1/cs2/skins,1,1
https://www.faceit.com/tr/players/Senzu-/cs2/skins,1,1
https://www.faceit.com/fi/players/Compl1/cs2/skins,1,1
https://www.faceit.com/ru/players/SERJant-/cs2/skins?,1,1
https://www.faceit.com/en/players/Skoropupsi4/cs2/skins,1,1
https://www.faceit.com/de/players/segukawa/cs2/skins,1,1
https://www.faceit.com/ru/players/broky/cs2/skins?,1,1
https://www.faceit.com/tr/players/h4RN1zanami/cs2/skins?,1,1
https://www.faceit.com/ru/players/zibert1715/cs2/skins?,1,1
https://www.faceit.com/en/players/jresy/cs2/skins?,1,1
https://www.faceit.com/es/players/s1zzi/cs2/skins,1,1
https://www.faceit.com/pl/players/dochianKING/cs2/skins,1,1
https://www.faceit.com/ru/players/meowsui/cs2/skins,1,1
https://www.faceit.com/sv/players/FURIOUSSS/cs2/skins,1,1
https://www.faceit.com/de/players/jresy/cs2/skins,1,1
https://www.faceit.com/en/players/zweih666/cs2/skins?,1,1
https://www.faceit.com/uk/players/em0k1d/cs2/skins,1,1
https://www.faceit.com/ru/players/aurafarmerwa/cs2/skins,1,1
https://www.faceit.com/pt/players/xKacpersky/cs2/skins,1,1
https://www.faceit.com/uk/players/Fixedinho/cs2/skins,1,1
https://www.faceit.com/de/players/Vej/cs2/skins,1,1
https://www.faceit.com/fr/players/Bandurka/cs2/skins,1,1
https://www.faceit.com/en/players/sebbez-/cs2/skins,1,1
https://www.faceit.com/ru/players/QuickShare/cs2/skins,1,1
https://www.faceit.com/ru/players/cairne-/cs2/skins?,1,1
https://www.faceit.com/ja/players/apx666/cs2/skins,1,1
https://www.faceit.com/pl/players/Vej/cs2/skins,1,1
https://www.faceit.com/zh/players/twenty3/cs2/skins,1,1
https://www.faceit.com/pl/players/-kimuss222/cs2/skins,1,1
https://www.faceit.com/tr/players/gwizdakk/cs2/skins,1,1
https://www.faceit.com/es/players/xKacpersky/cs2/skins,1,1
https://www.faceit.com/sv/players/Compl1/cs2/skins,1,1
https://www.faceit.com/tr/players/Wicadia/cs2/skins?,1,1
https://local.faceit.com:3000/en/players/Dynamightgg/cs2/skins,1,1
https://www.faceit.com/sv/players/ct0m/cs2/skins,1,1
https://www.faceit.com/uk/players/Magnojezzz/cs2/skins,1,1
https://www.faceit.com/ru/players/tohru666/cs2/skins,1,1
https://www.faceit.com/en/players/tsxnine/cs2/skins,1,1
https://www.faceit.com/th/players/lO_Oll/cs2/skins,1,1
https://www.faceit.com/ru/players/10avgGOAT/cs2/skins,1,1
https://www.faceit.com/en/players/sl3nd-/cs2/skins?,1,1
https://www.faceit.com/ru/players/1vsworlddd/cs2/skins?,1,1
https://www.faceit.com/fr/players/rotation1437/cs2/skins,1,1
https://www.faceit.com/uk/players/svemyy/cs2/skins,1,1
https://www.faceit.com/vi/players/Senzu-/cs2/skins,1,1
https://www.faceit.com/en/players/unknown7--/cs2/skins,1,1
https://www.faceit.com/ru/players/N3tut1/cs2/skins,1,1
https://www.faceit.com/ru/players/prvtdetiwlux/cs2/skins,1,1
https://www.faceit.com/de/players/PleaseF1xMe/cs2/skins,1,1
https://www.faceit.com/zh/players/b1st-/cs2/skins,1,1
https://www.faceit.com/fi/players/rasythrask/cs2/skins,1,1
https://www.faceit.com/ru/players/s0nglex/cs2/skins,1,1
https://www.faceit.com/en/players/Ibby/cs2/skins,1,1
https://www.faceit.com/en/players/meloch/cs2/skins,1,1
https://www.faceit.com/pt/players/cobrazera/cs2/skins,1,1
https://www.faceit.com/en/players/confiscation/cs2/skins,1,1
https://www.faceit.com/tr/players/donk/cs2/skins,1,1
https://www.faceit.com/zh/players/cobrazera/cs2/skins,1,1
https://www.faceit.com/en/players/m3wsu/cs2/skins?,1,1
https://www.faceit.com/zh/players/m3wsu/cs2/skins,1,1
https://www.faceit.com/fi/players/Fixedinho/cs2/skins,1,1
https://www.faceit.com/pl/players/jottAAA-/cs2/skins,1,1
https://www.faceit.com/vi/players/cobrazera/cs2/skins,1,1
https://www.faceit.com/en/players/teopkuz/cs2/skins,1,1
https://www.faceit.com/de/players/NertZ/cs2/skins,1,1
https://www.faceit.com/de/players/ren/cs2/skins?,1,1
https://www.faceit.com/zh/players/NertZ/cs2/skins,1,1
https://www.faceit.com/en/players/AugaBuga/cs2/skins?,1,1
https://www.faceit.com/ru/players/qweeqwqweqwe/cs2/skins,1,1
https://www.faceit.com/ru/players/Geenold/cs2/skins,1,1
https://www.faceit.com/pt-br/players/cobrazera/cs2/skins,1,1
https://www.faceit.com/fi/players/pavlysha666/cs2/skins?,1,1
https://www.faceit.com/fi/players/kennyS/cs2/skins,1,1
https://www.faceit.com/de/players/frozen_-/cs2/skins,1,1
https://www.faceit.com/en/players/arabka/cs2/skins,1,1
https://www.faceit.com/de/players/Solo-es/cs2/skins,1,1
https://www.faceit.com/pt-br/players/em0k1d/cs2/skins,1,1
https://www.faceit.com/tr/players/Tri-Borgg1/cs2/skins,1,1
https://www.faceit.com/fi/players/kalyambys/cs2/skins,1,1
https://www.faceit.com/pl/players/Drogba11/cs2/skins?,1,1
https://www.faceit.com/ko/players/Senzu-/cs2/skins,1,1
https://www.faceit.com/zh/players/ethan123sss/cs2/skins,1,1
https://www.faceit.com/es/players/REKT2207/cs2/skins,1,1
https://www.faceit.com/zh/players/day0sh4h4/cs2/skins,1,1
https://www.faceit.com/de/players/Ahava-/cs2/skins,1,1
https://www.faceit.com/tr/players/xeedo/cs2/skins,1,1
https://www.faceit.com/pl/players/kennyS/cs2/skins,1,1
https://www.faceit.com/uk/players/bezimienny/cs2/skins,1,1
https://www.faceit.com/en/players/iBALLY/cs2/skins?,1,1
https://www.faceit.com/tr/players/verso-topo/cs2/skins,1,1
https://www.faceit.com/tr/players/Solo-es/cs2/skins,1,1
https://www.faceit.com/sv/players/h4RNgAdd--/cs2/skins,1,1
https://www.faceit.com/fr/players/sk1zy/cs2/skins?,1,1
https://www.faceit.com/pl/players/--Mokuj1n/cs2/skins,1,1
https://www.faceit.com/en/players/ORONGUTANG/cs2/skins,1,1
https://www.faceit.com/fi/players/hitori/cs2/skins,1,1
https://www.faceit.com/ru/players/-Kwai/cs2/skins,1,1
https://www.faceit.com/es/players/Wicadia/cs2/skins,1,1
https://www.faceit.com/ru/players/dr1ppz/cs2/skins,1,1
https://www.faceit.com/fr/players/m3wsu/cs2/skins,1,1
https://www.faceit.com/ru/players/heavensenttt/cs2/skins?,1,1
https://www.faceit.com/pt/players/Drogba11/cs2/skins,1,1
https://www.faceit.com/pl/players/s1zzi/cs2/skins,1,1
https://www.faceit.com/pt/players/QuickShare/cs2/skins,1,1
https://www.faceit.com/pl/players/donk/cs2/skins,1,1
https://www.faceit.com/ru/players/zweih666/cs2/skins?,1,1
https://www.faceit.com/en/players/SzeliS/cs2/skins?,1,1
https://www.faceit.com/vi/players/irbitka/cs2/skins,1,1
https://www.faceit.com/en/players/XTZ/cs2/skins,1,1
https://www.faceit.com/es/players/s-chilla/cs2/skins,1,1
https://www.faceit.com/hu/players/hyperlexia/cs2/skins,1,1
https://www.faceit.com/cs/players/cobrazera/cs2/skins,1,1
https://www.faceit.com/en/players/CasieLokhart/cs2/skins,1,1
https://www.faceit.com/uk/players/Drogba11/cs2/skins,1,1
https://www.faceit.com/ru/players/Goofiacz/cs2/skins,1,1
https://www.faceit.com/uk/players/airscape/cs2/skins,1,1
https://www.faceit.com/pt-br/players/jL-/cs2/skins,1,1
https://www.faceit.com/ru/players/kurozce/cs2/skins?,1,1
https://www.faceit.com/ru/players/luvrscwi/cs2/skins,1,1
https://www.faceit.com/fi/players/--lucaZ--/cs2/skins,1,1
https://www.faceit.com/pt/players/Bandurka/cs2/skins,1,1
https://www.faceit.com/cs/players/eblan666__/cs2/skins,1,1
https://www.faceit.com/pt/players/flnJESUS/cs2/skins,1,1
https://www.faceit.com/en/players/N1ightN1ght/cs2/skins,1,1
https://www.faceit.com/sv/players/b1st-/cs2/skins,1,1
https://www.faceit.com/pl/players/b1st-/cs2/skins?,1,1
https://www.faceit.com/pl/players/egopeek247/cs2/skins,1,1
https://www.faceit.com/pl/players/Sinatraking/cs2/skins,1,1
https://www.faceit.com/pl/players/slapsinho/cs2/skins,1,1
https://www.faceit.com/pl/players/D0KT0R3N/cs2/skins,1,1
https://www.faceit.com/pl/players/xAduK/cs2/skins,1,1
https://www.faceit.com/ru/players/kalyambys/cs2/skins?,1,1
https://www.faceit.com/hr/players/CEMEN_BAKIN/cs2/skins,1,1
https://www.faceit.com/de/players/b1st-/cs2/skins,1,1
https://www.faceit.com/ru/players/001000000010/cs2/skins?,1,1
https://www.faceit.com/en/players/313/cs2/skins,1,1
https://www.faceit.com/pl/players/-La1roN/cs2/skins,1,1
https://www.faceit.com/en/players/w1t/cs2/skins,1,1
https://www.faceit.com/ru/players/t3ns1on/cs2/skins?,1,1
https://www.faceit.com/ru/players/straxanet777/cs2/skins,1,1
https://www.faceit.com/pl/players/PIPIPOPAPISA/cs2/skins,1,1
https://www.faceit.com/en/players/Olda123/cs2/skins,1,1
https://www.faceit.com/pt/players/molodoy-/cs2/skins,1,1
https://www.faceit.com/pt/players/JBa/cs2/skins,1,1
https://www.faceit.com/de/players/rotation1437/cs2/skins,1,1
https://www.faceit.com/pl/players/ticn-dicn/cs2/skins,1,1
https://www.faceit.com/pt/players/oxygen/cs2/skins,1,1
https://www.faceit.com/es/players/twenty3/cs2/skins,1,1
https://www.faceit.com/zh/players/ktap/cs2/skins,1,1
https://www.faceit.com/en/players/fragolina-/cs2/skins,1,1
https://www.faceit.com/uk/players/Perfecto/cs2/skins,1,1
https://www.faceit.com/de/players/cairne-/cs2/skins,1,1
https://www.faceit.com/uk/players/Lobanjica853/cs2/skins,1,1
https://www.faceit.com/sv/players/meowsui/cs2/skins,1,1
https://www.faceit.com/ja/players/nocries/cs2/skins,1,1
https://www.faceit.com/de/players/luca39-/cs2/skins,1,1
https://www.faceit.com/hr/players/Matheos/cs2/skins,1,1
https://www.faceit.com/sv/players/ren/cs2/skins,1,1
https://www.faceit.com/fi/players/y0k1d7331/cs2/skins,1,1
https://www.faceit.com/uk/players/SANYAXAKEP/cs2/skins,1,1
https://www.faceit.com/vi/players/kelieN/cs2/skins,1,1
https://www.faceit.com/en/players/cabra/cs2/skins,1,1
https://www.faceit.com/pt/players/sebbez-/cs2/skins,1,1
https://www.faceit.com/tr/players/-fR0S7Y/cs2/skins,1,1
https://www.faceit.com/ru/players/scouterW/cs2/skins,1,1
https://www.faceit.com/en/players/Sinatraking/cs2/skins,1,1
https://www.faceit.com/tr/players/ren/cs2/skins,1,1
https://www.faceit.com/ru/players/tancerka/cs2/skins,1,1
https://www.faceit.com/pl/players/twenty3/cs2/skins,1,1
https://www.faceit.com/de/players/F1n0_o/cs2/skins,1,1
