Shop Orders Item ID,Shop Orders Item Name,Shop Orders Item Category,Shop Orders Item Subcategory
697b4df763a4d5c0bc82da7f,$1 Tradeit Credit,Missions,tradeit
692eff57b4b184e36ce483e7,$1 Tradeit Credit,Missions,tradeit
675977ecefe15cc991938075,$1 Tradeit Credit,Missions,tradeit
69ae66d363cb5c3e126c7ef8,$1 Tradeit Credit,Missions,tradeit
694bb6f6c86a5f8289bb24ed,$1 Tradeit Credit,Missions,tradeit
68df9213f6294d141d753ee7,$1 Tradeit Credit,Missions,tradeit
67a21b3fc9c6d653d23414a2,$1 Tradeit Credit,Missions,tradeit
690c9540e152e25ee090f834,$1 Tradeit Credit,Missions,tradeit
688a1631425fa5cd3d5e9a5b,$1 Tradeit Credit ,Missions,tradeit
685e7a8edf2b4175778fcbb7,$1 Tradeit Credit ,Missions,tradeit
68b819348e9088441958e8fc,$100 Tradeit Credit,Missions,tradeit
690c9632ba35ab18ed8ae270,$100 Tradeit Credit,Missions,tradeit
694bb787c86a5f8289bb24ef,$2 Tradeit Credit,Missions,tradeit
67597861efe15cc991938077,$2 Tradeit Credit,Missions,tradeit
692efe2db55062387cb18fa5,$2 Tradeit Credit,Missions,tradeit
697b4e5d0f8e5781e4e2ef56,$2 Tradeit Credit,Missions,tradeit
69ae675dcf9cd385db77b26a,$2 Tradeit Credit,Missions,tradeit
688a14c8fe201ecd40086157,$2 Tradeit Credit ,Missions,tradeit
685e75ffdf2b4175778fcbb4,$2 Tradeit Credit ,Missions,tradeit
69ae6939cf9cd385db77b271,$20 Tradeit Credit,Missions,tradeit
67598147cec4d5b03eacbe8a,$25 Tradeit Credit,Missions,tradeit
692efe87764b80d12537d2ce,$25 Tradeit Credit,Missions,tradeit
68dd1ade70277128c327a818,$25 Tradeit Credit,Missions,tradeit
694bb7e4f68574a3cf8b2517,$25 Tradeit Credit,Missions,tradeit
67a21855c9c6d653d234149e,$25 Tradeit Credit,Missions,tradeit
688a1509fe201ecd40086158,$25 Tradeit Credit,Missions,tradeit
6780f5c2bcc83bc9bcdd4eb9,$25 Tradeit Credit,Missions,tradeit
68b8165b8e9088441958e8f9,$25 Tradeit Credit,Missions,tradeit
697b4e940f8e5781e4e2ef58,$25 Tradeit Credit,Missions,tradeit
67c884267f707c5915999d0b,$25 Tradeit Credit,Missions,tradeit
690c9674e152e25ee090f836,$25 Tradeit Credit,Missions,tradeit
69ae6896cf9cd385db77b26e,$25 Tradeit Credit,Missions,tradeit
685e7a385d5b4202df2749a2,$25 Tradeit Credit ,Missions,tradeit
67a21d07c9c6d653d23414a3,$3 Tradeit Credit,Missions,tradeit
67c88914d4fe558396d8d7b5,$3 Tradeit Credit,Missions,tradeit
675978afdbc7eb4a1cef33ea,$3 Tradeit Credit,Missions,tradeit
6780f557bcc83bc9bcdd4eb7,$3 Tradeit Credit,Missions,tradeit
68df90fbf6294d141d753ee6,$3 Tradeit Credit,Missions,tradeit
690c95a8ba35ab18ed8ae26c,$3 Tradeit Credit,Missions,tradeit
6759818acec4d5b03eacbe8c,$30 Tradeit Credit,Missions,tradeit
69ae6826cf9cd385db77b26c,$5 Tradeit Credit,Missions,tradeit
690c95eeba35ab18ed8ae26e,$5 Tradeit Credit,Missions,tradeit
68df936f0ff188658350d5a3,$5 Tradeit Credit ,Missions,tradeit
686e3a87dbcafae26023f17f,1 Bronze ticket,brandedevents,Winline
689db5fa2a437e85fff5db15,1 Bronze ticket,brandedevents,Winline
68947f97ab1add6244246a57,1 Bronze ticket ,brandedevents,Winline
688b4cbac4673b037d382a7c,1 Bronze ticket ,brandedevents,Winline
689db52e47e06bfaab0ff5ba,1 Gold ticket,brandedevents,Winline
68947ea6ab1add6244246a50,1 Gold ticket,brandedevents,Winline
688a2cce425fa5cd3d5e9a5f,1 Gold ticket,brandedevents,Winline
689db5a12a437e85fff5db13,1 Silver ticket,brandedevents,Winline
688c690cc4673b037d382a7e,1 Silver ticket,brandedevents,Winline
68947f25309f1dedf09adc63,1 Silver ticket ,brandedevents,Winline
64bfab9e6aa446824112b4bd,1 WBT,Missions,whitebit_code
64bfedad3aaec9e1f58f4afd,1 WBT,Missions,whitebit_code
686e3a06cfe3a1a26160560c,10 Bronze tickets,brandedevents,Winline
689db5be47e06bfaab0ff5bd,10 Bronze tickets,brandedevents,Winline
68947f5eab1add6244246a56,10 Bronze tickets ,brandedevents,Winline
688b4c716809663aa6e67c21,10 Bronze tickets ,brandedevents,Winline
69ae65b763cb5c3e126c7ef4,100 Giveaway Tickets,Missions,tradeit
6784f2fc1f332241e27c082e,100 Giveaway Tickets,Missions,tradeit
672379080d3b63031d487f41,100 Giveaway Tickets,Missions,tradeit
692efeeefa0a1a09dc11c86d,100 Giveaway Tickets,Missions,tradeit
694bb640c86a5f8289bb24ea,100 Giveaway Tickets,Missions,tradeit
697b4d3363a4d5c0bc82da7d,100 Giveaway Tickets,Missions,tradeit
68dd1a6570277128c327a817,100 Giveaway Tickets,Missions,tradeit
67a21ac4c9c6d653d23414a0,100 Giveaway Tickets,Missions,tradeit
690c9345e152e25ee090f832,100 Giveaway Tickets,Missions,tradeit
685e7541df2b4175778fcbb2,100 Giveaway Tickets ,Missions,tradeit
68b8115b8e9088441958e8f7,100 Giveaway Tickets ,Missions,tradeit
688a1552425fa5cd3d5e9a59,100 Giveaway Tickets ,Missions,tradeit
67ee8fb20fcdaec4e85382bf,1000 ₽ Winline,brandedevents,Winline
67ae1498968aa54721649304,1000 ₽ Winline,brandedevents,Winline
687771a9813287a19630779a,1000 ₽ Winline,brandedevents,Winline
67c053a036a0b59af8bf6217,1000 ₽ Winline,brandedevents,Winline
684fa167b9ea9ffad266216d,1000 ₽ Winline,brandedevents,Winline
6808df9adf012ed65b92d12d,1000 ₽ Winline,brandedevents,Winline
6824224e53b007c54bb045ad,1000 ₽ Winline,brandedevents,Winline
6813a78033df1a9a3889ccb9,1000 ₽ Winline,brandedevents,Winline
67e57d4de6677cc9ef22d06c,1000 ₽ Winline,brandedevents,Winline
676436e14e24eb5fd7db8cc9,1000 ₽ Winline,brandedevents,Winline
67dd5ae4124eb0d8f140725b,1000 ₽ Winline,brandedevents,Winline
67b73fc87c06f55a0f4d6c76,1000 ₽ Winline,brandedevents,Winline
67a24eb0b72c856021f6116c,1000 ₽ Winline,brandedevents,Winline
67d30cd342b11595d1d01c4c,1000 ₽ Winline,brandedevents,Winline
675b1f4ecec4d5b03eacbec5,1000 ₽ Winline,brandedevents,Winline
6762c16c12bf2dcc685596ff,1000 ₽ Winline,brandedevents,Winline
67893ad667912135272eac37,1000 ₽ Winline,brandedevents,Winline
679233ccedfc2d16c0ba6b6a,1000 ₽ Winline,brandedevents,Winline
67ff8d8e4cba1e8ee45e154c,1000 ₽ Winline,brandedevents,Winline
687fa38c800cc67cb5edfaf7,1000 ₽ Winline,brandedevents,Winline
681cc2ff931f04713eef61e8,1000 ₽ Winline,brandedevents,Winline
677ff08c4e24eb5fd7db8cd7,1000 ₽ Winline,brandedevents,Winline
67f7a64be3743c1c033499f8,1000 ₽ Winline,brandedevents,Winline
68394fa2a1250d348e19d123,1000 ₽ Winline ,brandedevents,Winline
6864ed04dbbb516bfcd45485,1000 ₽ Winline ,brandedevents,Winline
683feac2fe457b21653a27bb,1000 ₽ Winline ,brandedevents,Winline
67af1d38968aa5472164930d,10000 ₽ Winline,brandedevents,Winline
67e57c6de6677cc9ef22d069,10000 ₽ Winline,brandedevents,Winline
67b73eb87c06f55a0f4d6c75,10000 ₽ Winline,brandedevents,Winline
6789393567912135272eac34,10000 ₽ Winline,brandedevents,Winline
67f7a593e3743c1c033499f6,10000 ₽ Winline,brandedevents,Winline
6762c0debcc83bc9bcdd4e89,10000 ₽ Winline,brandedevents,Winline
687770efc95bbfcb2a884d25,10000 ₽ Winline,brandedevents,Winline
67ff8ce44cba1e8ee45e1548,10000 ₽ Winline,brandedevents,Winline
677fedbb4e24eb5fd7db8cd4,10000 ₽ Winline,brandedevents,Winline
684f9f84b9ea9ffad2662168,10000 ₽ Winline,brandedevents,Winline
67d30b9242b11595d1d01c47,10000 ₽ Winline,brandedevents,Winline
675b1c5acec4d5b03eacbec2,10000 ₽ Winline,brandedevents,Winline
67c052a7cff1caafcfdcad73,10000 ₽ Winline,brandedevents,Winline
67ee6af80fcdaec4e85382bc,10000 ₽ Winline,brandedevents,Winline
67dd56c9e6677cc9ef22d055,10000 ₽ Winline,brandedevents,Winline
681cbbcd53b007c54bb04587,10000 ₽ Winline,brandedevents,Winline
6813a607fe2525e1cae6e376,10000 ₽ Winline,brandedevents,Winline
67643290bcc83bc9bcdd4e9e,10000 ₽ Winline,brandedevents,Winline
6792305e9b1a1827795f2ea4,10000 ₽ Winline,brandedevents,Winline
6824202853b007c54bb045aa,10000 ₽ Winline,brandedevents,Winline
67a24e16c9c6d653d23414a9,10000 ₽ Winline,brandedevents,Winline
6808de85df012ed65b92d12b,10000 ₽ Winline,brandedevents,Winline
68394eb7a22eba43c2aa4964,10000 ₽ Winline ,brandedevents,Winline
687fa0ff800cc67cb5edfaf5,10000 ₽ Winline ,brandedevents,Winline
6864ec44dbbb516bfcd45482,10000 ₽ Winline ,brandedevents,Winline
683fea0dfe457b21653a27b6,10000 ₽ Winline ,brandedevents,Winline
6784fad81f332241e27c0830,105 ₽ Tradeit Credit ($1),Missions,tradeit
67a21dffb72c856021f61160,105 ₽ Tradeit Credit ($1),Missions,tradeit
69ae6aeacf9cd385db77b278,150 ₽ Tradeit Credit ($2),Missions,tradeit
6813a49b33df1a9a3889ccb3,15000 ₽ Winline,brandedevents,Winline
678938c5fa7e3b26b0c4a659,15000 ₽ Winline,brandedevents,Winline
683fe9d3fe457b21653a27b4,15000 ₽ Winline,brandedevents,Winline
684f9d65eecc52e5e003aca2,15000 ₽ Winline,brandedevents,Winline
675b19cccec4d5b03eacbec1,15000 ₽ Winline,brandedevents,Winline
6762c0bbbcc83bc9bcdd4e87,15000 ₽ Winline,brandedevents,Winline
681b39d1d9a5f3300dd4ba40,15000 ₽ Winline,brandedevents,Winline
687770afc95bbfcb2a884d24,15000 ₽ Winline,brandedevents,Winline
67922f78edfc2d16c0ba6b65,15000 ₽ Winline,brandedevents,Winline
67b73e4b968aa54721649312,15000 ₽ Winline,brandedevents,Winline
6808de50f4062dea0fb20d92,15000 ₽ Winline,brandedevents,Winline
67ff8cab4cba1e8ee45e1547,15000 ₽ Winline,brandedevents,Winline
676431f4bcc83bc9bcdd4e9c,15000 ₽ Winline,brandedevents,Winline
67ee6ab67e3403d6b95e0295,15000 ₽ Winline,brandedevents,Winline
67ae0f367c06f55a0f4d6c6b,15000 ₽ Winline,brandedevents,Winline
67c0516bcff1caafcfdcad71,15000 ₽ Winline,brandedevents,Winline
677fecaebcc83bc9bcdd4eac,15000 ₽ Winline,brandedevents,Winline
67dd5648e6677cc9ef22d053,15000 ₽ Winline,brandedevents,Winline
67d30aee42b11595d1d01c46,15000 ₽ Winline,brandedevents,Winline
67a24dfac9c6d653d23414a8,15000 ₽ Winline,brandedevents,Winline
67e57c4c124eb0d8f1407270,15000 ₽ Winline,brandedevents,Winline
68241f9a53b007c54bb045a9,15000 ₽ Winline,brandedevents,Winline
67f7a574e3743c1c033499f4,15000 ₽ Winline,brandedevents,Winline
68394e57a1250d348e19d121,15000 ₽ Winline ,brandedevents,Winline
687fa11bda6fa32c8be9d714,15000 ₽ Winline ,brandedevents,Winline
6864ebf2dbbb516bfcd45481,15000 ₽ Winline ,brandedevents,Winline
69ae6bbdcf9cd385db77b27a,1550 ₽ Tradeit Credit ($20),Missions,tradeit
69036ec326d12d22a997e8c3,16$ + 35% БОНУС НА СКИНЫ TRADEIT.GG,brandedevents,Winline
67c88b537f707c5915999d0c,180 ₽ Tradeit Credit ($2),Missions,tradeit
686e2e67cfe3a1a261605609,2 Gold tickets ,brandedevents,Winline
689db4fa47e06bfaab0ff5b9,2 Gold tickets ,brandedevents,Winline
688a2c6ffe201ecd4008615b,2 Gold tickets ,brandedevents,Winline
689db5832a437e85fff5db11,2 Silver tickets,brandedevents,Winline
686e39cbdbcafae26023f17c,2 Silver tickets,brandedevents,Winline
688b4ba96809663aa6e67c20,2 Silver tickets ,brandedevents,Winline
68947f07ab1add6244246a53,2 Silver tickets ,brandedevents,Winline
67a21734c9c6d653d234149c,200 Giveaway Tickets,Missions,tradeit
694bb6acf68574a3cf8b2516,200 Giveaway Tickets,Missions,tradeit
692efd88b4b184e36ce483e4,200 Giveaway Tickets,Missions,tradeit
67c87e3f7f707c5915999d09,200 Giveaway Tickets,Missions,tradeit
697b4d9e4a8b2b983c4cd702,200 Giveaway Tickets,Missions,tradeit
690c93adb40c7a624419f4c9,200 Giveaway Tickets,Missions,tradeit
68b812872518b9c2bee35326,200 Giveaway Tickets,Missions,tradeit
6780f4e3bcc83bc9bcdd4eb6,200 Giveaway Tickets,Missions,tradeit
672379290d3b63031d487f46,200 Giveaway Tickets,Missions,tradeit
685e7acadf2b4175778fcbb8,200 Giveaway Tickets ,Missions,tradeit
69ae6a7dcf9cd385db77b274,2000 ₽ Tradeit Credit ($25),Missions,tradeit
68dd1bf855d9e04711657411,2000 ₽ Tradeit Credit ($25),Missions,tradeit
694bb899f68574a3cf8b251a,2000 ₽ Tradeit Credit ($25),Missions,tradeit
692f001b6a1b105ffa7f72c9,2000 ₽ Tradeit Credit ($25),Missions,tradeit
697b4f3b0f8e5781e4e2ef59,2000 ₽ Tradeit Credit ($25),Missions,tradeit
690c9765ba35ab18ed8ae274,2000 ₽ Tradeit Credit ($25),Missions,tradeit
68b81aee8e9088441958e8fe,2000 ₽ Tradeit Credit ($25),Missions,tradeit
686241fddf2b4175778fcbba,2000 ₽ Tradeit Credit ($25) ,Missions,tradeit
688a15fbc4673b037d382a76,2000 ₽ Tradeit Credit ($25) ,Missions,tradeit
6785408b1f332241e27c0831,210 ₽ Tradeit Credit ($2),Missions,tradeit
67c87bd8d4fe558396d8d7b3,2251 ₽ Tradeit Credit ($25),Missions,tradeit
69036e6c188866e976ef676f,25$ + 35% БОНУС НА СКИНЫ TRADEIT.GG,brandedevents,Winline
684fa0d3eecc52e5e003aca4,2500 ₽ Winline,brandedevents,Winline
6808df4ef4062dea0fb20d95,2500 ₽ Winline,brandedevents,Winline
67c05359cff1caafcfdcad76,2500 ₽ Winline,brandedevents,Winline
676436784e24eb5fd7db8cc8,2500 ₽ Winline,brandedevents,Winline
68777171813287a196307798,2500 ₽ Winline,brandedevents,Winline
687fa329da6fa32c8be9d716,2500 ₽ Winline,brandedevents,Winline
67b73f36968aa54721649316,2500 ₽ Winline,brandedevents,Winline
67ae14227c06f55a0f4d6c6c,2500 ₽ Winline,brandedevents,Winline
67dd5979124eb0d8f1407259,2500 ₽ Winline,brandedevents,Winline
67f7a621d8826ab7cda0b3e6,2500 ₽ Winline,brandedevents,Winline
682421d253b007c54bb045ac,2500 ₽ Winline,brandedevents,Winline
67893a6567912135272eac36,2500 ₽ Winline,brandedevents,Winline
677ff024bcc83bc9bcdd4eaf,2500 ₽ Winline,brandedevents,Winline
681cbc53931f04713eef61e7,2500 ₽ Winline,brandedevents,Winline
6813a71e33df1a9a3889ccb8,2500 ₽ Winline,brandedevents,Winline
675b1e23cec4d5b03eacbec4,2500 ₽ Winline,brandedevents,Winline
67ee8e237e3403d6b95e0299,2500 ₽ Winline,brandedevents,Winline
6762c14d12bf2dcc685596fd,2500 ₽ Winline,brandedevents,Winline
67d30c8442b11595d1d01c4b,2500 ₽ Winline,brandedevents,Winline
67ff8d62d32f9dfd2074db1b,2500 ₽ Winline,brandedevents,Winline
67a24e93b72c856021f6116a,2500 ₽ Winline,brandedevents,Winline
6792315eedfc2d16c0ba6b69,2500 ₽ Winline,brandedevents,Winline
67e57cf5124eb0d8f1407274,2500 ₽ Winline,brandedevents,Winline
68394f5aa22eba43c2aa4968,2500 ₽ Winline ,brandedevents,Winline
6864eccfa696f421d3b8586f,2500 ₽ Winline ,brandedevents,Winline
683fea9bfe457b21653a27b9,2500 ₽ Winline ,brandedevents,Winline
67c195ae36a0b59af8bf622f,2500 ₽ free bet,Missions,Winline
675841b9efe15cc99193805e,2500 ₽ free bet,Missions,Winline
67643171bcc83bc9bcdd4e9a,25000 ₽ Winline,brandedevents,Winline
67c0511f36a0b59af8bf6214,25000 ₽ Winline,brandedevents,Winline
683fe99e703b74f65a5b7f81,25000 ₽ Winline,brandedevents,Winline
6813a452fe2525e1cae6e374,25000 ₽ Winline,brandedevents,Winline
67b73e2a968aa54721649310,25000 ₽ Winline,brandedevents,Winline
684f9c6beecc52e5e003aca0,25000 ₽ Winline,brandedevents,Winline
6762c06812bf2dcc685596fb,25000 ₽ Winline,brandedevents,Winline
67ff8c734cba1e8ee45e1546,25000 ₽ Winline,brandedevents,Winline
675b18fbe4a1136adedd8454,25000 ₽ Winline,brandedevents,Winline
68394e03a22eba43c2aa4962,25000 ₽ Winline,brandedevents,Winline
67e57c27e6677cc9ef22d068,25000 ₽ Winline,brandedevents,Winline
68241f3c53b007c54bb045a7,25000 ₽ Winline,brandedevents,Winline
67f7a555d8826ab7cda0b3e2,25000 ₽ Winline,brandedevents,Winline
6791137fedfc2d16c0ba6b5f,25000 ₽ Winline,brandedevents,Winline
67d30aa042b11595d1d01c44,25000 ₽ Winline,brandedevents,Winline
6808de16df012ed65b92d128,25000 ₽ Winline,brandedevents,Winline
67dd543de6677cc9ef22d051,25000 ₽ Winline,brandedevents,Winline
67893834fa7e3b26b0c4a658,25000 ₽ Winline,brandedevents,Winline
677fec3fbcc83bc9bcdd4eaa,25000 ₽ Winline,brandedevents,Winline
67ae0eb57c06f55a0f4d6c6a,25000 ₽ Winline,brandedevents,Winline
681b399fd5a0e683f9414ffa,25000 ₽ Winline,brandedevents,Winline
67ee6a4b7e3403d6b95e0293,25000 ₽ Winline,brandedevents,Winline
67a24dd3b72c856021f61164,25000 ₽ Winline,brandedevents,Winline
687fa05411bd2541c4e13b28,25000 ₽ Winline ,brandedevents,Winline
6864e972a696f421d3b8586a,25000 ₽ Winline ,brandedevents,Winline
68777068c95bbfcb2a884d23,25000 ₽ Winline ,brandedevents,Winline
6780f7064e24eb5fd7db8cda,2626 ₽ Tradeit Credit ($25),Missions,tradeit
67a21eccb72c856021f61162,2626 ₽ Tradeit Credit ($25),Missions,tradeit
689db5dc47e06bfaab0ff5bf,3 Bronze tickets,brandedevents,Winline
68947f7a309f1dedf09adc65,3 Bronze tickets ,brandedevents,Winline
688c697b6809663aa6e67c26,3 Bronze tickets ,brandedevents,Winline
689db47e47e06bfaab0ff5b8,3 Gold tickets,brandedevents,Winline
688a2c39c4673b037d382a78,3 Gold tickets ,brandedevents,Winline
68947ee2ab1add6244246a51,3 Silver tickets,brandedevents,Winline
689db56547e06bfaab0ff5bb,3 Silver tickets,brandedevents,Winline
688c68a2c4673b037d382a7d,3 Silver tickets ,brandedevents,Winline
690c94e0b40c7a624419f4cb,300 Giveaway Tickets,Missions,tradeit
68b8174d2518b9c2bee35328,300 Giveaway Tickets,Missions,tradeit
6895d72b2f0cc7c63d8918d7,3000 ₽ Free Bet ,Missions,Winline
686e2e11dbcafae26023f176,4 Gold tickets,brandedevents,Winline
686e398fdbcafae26023f17a,4 Silver tickets,brandedevents,Winline
690c9722ba35ab18ed8ae272,400 ₽ Tradeit Credit ($5),Missions,tradeit
68df95620ff188658350d5a7,400 ₽ Tradeit Credit ($5),Missions,tradeit
65f04211aff740a244b3be27,5 usd free bet,Misisons,Winline
672378ee0d3b63031d487f3f,50 Giveaway Tickets,Missions,tradeit
67ff8dc24cba1e8ee45e154e,500 ₽ Winline,brandedevents,Winline
681cc32753b007c54bb0458b,500 ₽ Winline,brandedevents,Winline
682422c3931f04713eef620b,500 ₽ Winline,brandedevents,Winline
67ee91c17e3403d6b95e029b,500 ₽ Winline,brandedevents,Winline
67e57d6fe6677cc9ef22d06e,500 ₽ Winline,brandedevents,Winline
67893b68fa7e3b26b0c4a65e,500 ₽ Winline,brandedevents,Winline
6813a7ea33df1a9a3889ccba,500 ₽ Winline,brandedevents,Winline
684fa237b9ea9ffad266216e,500 ₽ Winline,brandedevents,Winline
67b73fe9968aa54721649319,500 ₽ Winline,brandedevents,Winline
6808dfc4f4062dea0fb20d98,500 ₽ Winline,brandedevents,Winline
6762c19212bf2dcc68559700,500 ₽ Winline,brandedevents,Winline
67dd5c51124eb0d8f140725c,500 ₽ Winline,brandedevents,Winline
687771e3c95bbfcb2a884d28,500 ₽ Winline,brandedevents,Winline
687fa3ac11bd2541c4e13b2e,500 ₽ Winline,brandedevents,Winline
676437384e24eb5fd7db8cca,500 ₽ Winline,brandedevents,Winline
677ff0e5bcc83bc9bcdd4eb1,500 ₽ Winline,brandedevents,Winline
67c05427cff1caafcfdcad77,500 ₽ Winline,brandedevents,Winline
67f7aaf7d8826ab7cda0b3e9,500 ₽ Winline,brandedevents,Winline
67ae14f07c06f55a0f4d6c6e,500 ₽ Winline,brandedevents,Winline
67d30d0a5cc1094bedac98c5,500 ₽ Winline,brandedevents,Winline
67a24ed0c9c6d653d23414ad,500 ₽ Winline,brandedevents,Winline
6792343e9b1a1827795f2ea8,500 ₽ Winline,brandedevents,Winline
675b219bcec4d5b03eacbec6,500 ₽ Winline,brandedevents,Winline
683feaed703b74f65a5b7f84,500 ₽ Winline ,brandedevents,Winline
6864ed3edbbb516bfcd45487,500 ₽ Winline ,brandedevents,Winline
68394feca22eba43c2aa496b,500 ₽ Winline ,brandedevents,Winline
67c1953b36a0b59af8bf622d,500 ₽ free bet,Missions,Winline
675840eeefe15cc99193805c,500 ₽ free bet,Missions,Winline
67e57c9ae6677cc9ef22d06a,5000 ₽ Winline,brandedevents,Winline
67b73ee5968aa54721649314,5000 ₽ Winline,brandedevents,Winline
684fa02ab9ea9ffad266216a,5000 ₽ Winline,brandedevents,Winline
679230f0edfc2d16c0ba6b67,5000 ₽ Winline,brandedevents,Winline
67f7a5bad8826ab7cda0b3e4,5000 ₽ Winline,brandedevents,Winline
67ae13c9968aa54721649302,5000 ₽ Winline,brandedevents,Winline
67dd57b0124eb0d8f1407257,5000 ₽ Winline,brandedevents,Winline
6813a65e33df1a9a3889ccb6,5000 ₽ Winline,brandedevents,Winline
67643333bcc83bc9bcdd4e9f,5000 ₽ Winline,brandedevents,Winline
6808dec0f4062dea0fb20d93,5000 ₽ Winline,brandedevents,Winline
68777136813287a196307796,5000 ₽ Winline,brandedevents,Winline
67ee8ddb0fcdaec4e85382bd,5000 ₽ Winline,brandedevents,Winline
68242174931f04713eef6208,5000 ₽ Winline,brandedevents,Winline
67d30c3942b11595d1d01c49,5000 ₽ Winline,brandedevents,Winline
67ff8d0d4cba1e8ee45e154a,5000 ₽ Winline,brandedevents,Winline
67a24e72b72c856021f61168,5000 ₽ Winline,brandedevents,Winline
6762c128bcc83bc9bcdd4e8a,5000 ₽ Winline,brandedevents,Winline
681cbc07931f04713eef61e6,5000 ₽ Winline,brandedevents,Winline
677fef97bcc83bc9bcdd4eae,5000 ₽ Winline,brandedevents,Winline
678939e2fa7e3b26b0c4a65b,5000 ₽ Winline,brandedevents,Winline
675b1d24e4a1136adedd8457,5000 ₽ Winline,brandedevents,Winline
67c0531acff1caafcfdcad74,5000 ₽ Winline,brandedevents,Winline
6864ec8ca696f421d3b8586e,5000 ₽ Winline ,brandedevents,Winline
68394f0ca22eba43c2aa4966,5000 ₽ Winline ,brandedevents,Winline
683fea72fe457b21653a27b7,5000 ₽ Winline ,brandedevents,Winline
687fa30611bd2541c4e13b2b,5000 ₽ Winline ,brandedevents,Winline
67d30a685cc1094bedac98c1,50000 ₽ Winline,brandedevents,Winline
68241e71931f04713eef6206,50000 ₽ Winline,brandedevents,Winline
6808ddbcf4062dea0fb20d91,50000 ₽ Winline,brandedevents,Winline
67c050bf36a0b59af8bf6213,50000 ₽ Winline,brandedevents,Winline
681b3941d9a5f3300dd4ba3f,50000 ₽ Winline,brandedevents,Winline
67ee6a150fcdaec4e85382bb,50000 ₽ Winline,brandedevents,Winline
677fe4f4bcc83bc9bcdd4ea8,50000 ₽ Winline,brandedevents,Winline
67ae0e257c06f55a0f4d6c69,50000 ₽ Winline,brandedevents,Winline
67ff8c21d32f9dfd2074db17,50000 ₽ Winline,brandedevents,Winline
67dd512c124eb0d8f1407256,50000 ₽ Winline,brandedevents,Winline
678937c1fa7e3b26b0c4a656,50000 ₽ Winline,brandedevents,Winline
675b16c3cec4d5b03eacbebf,50000 ₽ Winline,brandedevents,Winline
67911311edfc2d16c0ba6b5e,50000 ₽ Winline,brandedevents,Winline
6813a3d6fe2525e1cae6e372,50000 ₽ Winline,brandedevents,Winline
676430e9bcc83bc9bcdd4e98,50000 ₽ Winline,brandedevents,Winline
67b73e01968aa5472164930f,50000 ₽ Winline,brandedevents,Winline
67f7a529d8826ab7cda0b3e1,50000 ₽ Winline,brandedevents,Winline
6762c012bcc83bc9bcdd4e85,50000 ₽ Winline,brandedevents,Winline
67e57c05124eb0d8f140726e,50000 ₽ Winline,brandedevents,Winline
67a24da7b72c856021f61163,50000 ₽ Winline,brandedevents,Winline
68394d59a22eba43c2aa4960,50000 ₽ Winline ,brandedevents,Winline
6864e92adbbb516bfcd45480,50000 ₽ Winline ,brandedevents,Winline
683fe961703b74f65a5b7f7f,50000 ₽ Winline ,brandedevents,Winline
687f9eb611bd2541c4e13b27,50000 ₽ Winline ,brandedevents,Winline
684f99bfb9ea9ffad2662167,50000 ₽ Winline ,brandedevents,Winline
68776ff4813287a196307792,50000 ₽ Winline ,brandedevents,Winline
686e3a48dbcafae26023f17e,6 Bronze tickets,brandedevents,Winline
686e2d94dbcafae26023f174,6 Gold tickets ,brandedevents,Winline
686e390dcfe3a1a26160560a,6 Silver tickets,brandedevents,Winline
69036db7c2835eb4c7534a46,70$ + 35% БОНУС НА СКИНЫ TRADEIT.GG,brandedevents,Winline
692effacb4b184e36ce483e9,80 ₽ Tradeit Credit ($1),Missions,tradeit
69ae69afcf9cd385db77b273,80 ₽ Tradeit Credit ($1),Missions,tradeit
697b4f0463a4d5c0bc82da81,80 ₽ Tradeit Credit ($1),Missions,tradeit
694bb84af68574a3cf8b2519,80 ₽ Tradeit Credit ($1),Missions,tradeit
690c96d6b40c7a624419f4ce,80 ₽ Tradeit Credit ($1),Missions,tradeit
68df94730ff188658350d5a4,80 ₽ Tradeit Credit ($1),Missions,tradeit
688a15d0c4673b037d382a74,80 ₽ Tradeit Credit ($1) ,Missions,tradeit
686241acdf2b4175778fcbb9,80 ₽ Tradeit Credit ($1) ,Missions,tradeit
690c979ab40c7a624419f4cf,8000 ₽ Tradeit Credit ($100),Missions,tradeit
68b81c0c2518b9c2bee3532f,8000 ₽ Tradeit Credit ($100),Missions,tradeit
68dd1bae3bdc8ace3738c85c,8000 ₽ Tradeit Credit ($100),Missions,tradeit
667d3e454d989eba79faea18,CC 2024 - Part of 1M Free Bet for the forth clan position,airdrops,Winline
667d3aa94d989eba79fae9e2,CC 2024 - Part of 1M Free Bet for the third clan position,airdrops,Winline
667d3a1c77ea7b85da17e20b,CC 2024 - Part of 3M Free Bet for the second clan position,airdrops,Winline
667d537d4b6e8a90cadda34f,CC 2024 - Part of 400K Free Bet for the eighth clan position,airdrops,Winline
667d461877ea7b85da17e2e8,CC 2024 - Part of 400K Free Bet for the fifth clan position,airdrops,Winline
667d53134d989eba79faebc8,CC 2024 - Part of 400K Free Bet for the seventh clan position,airdrops,Winline
667d52c04d989eba79faebbb,CC 2024 - Part of 400K Free Bet for the sixth clan position,airdrops,Winline
667d327277ea7b85da17e197,CC 2024 - Part of 5M Free Bet for the first clan position,airdrops,Winline
680b7d1af4062dea0fb20db4,Circuit: Purple,Missions,Winline
680b6eeddf012ed65b92d144,Circuit: Purple,Missions,Winline
680b66dbdf012ed65b92d13d,FACEIT 1 Month Premium Subscription,Missions,Winline
680b664cdf012ed65b92d13b,FACEIT 1 Month Premium Subscription,Missions,Winline
680b6989f4062dea0fb20daa,FACEIT 2 Months Premium Subscription,Missions,Winline
680b67f3df012ed65b92d140,FACEIT 2 Months Premium Subscription,Missions,Winline
69aae1442fd9bd4bb66e5381,FACEIT Monthly Premium Subscription,Missions,tradeit
683fd7a7703b74f65a5b7f7d,Raffle link,brandedevents,Winline
67ff83b94cba1e8ee45e1544,Raffle link,brandedevents,Winline
68de6608f6294d141d753edf,Raffle link,brandedevents,Winline
69133348cf73c69c869c9dd9,Raffle link,brandedevents,Winline
68139f7233df1a9a3889ccb2,Raffle link,brandedevents,Winline
68404e4dfe457b21653a27c1,Raffle link,brandedevents,Winline
67acc5727e4b1401c937da5d,Raffle link,brandedevents,Winline
67ffaff0d32f9dfd2074db1e,Raffle link,brandedevents,Winline
68777d7b813287a19630779d,Raffle link,brandedevents,Winline
68a43791b2e9f9f5f0e1f591,Raffle link,brandedevents,Winline
67e58106124eb0d8f1407276,Raffle link,brandedevents,Winline
67a25857c9c6d653d23414b2,Raffle link,brandedevents,Winline
67dd6124e6677cc9ef22d059,Raffle link,brandedevents,Winline
680a3960df012ed65b92d13a,Raffle link,brandedevents,Winline
679245acedfc2d16c0ba6b6e,Raffle link,brandedevents,Winline
69b1243579b42a491eb68714,Raffle link,brandedevents,Winline
6813a83ffe2525e1cae6e37a,Raffle link,brandedevents,Winline
67ee92017e3403d6b95e029c,Raffle link,brandedevents,Winline
6762af90bcc83bc9bcdd4e84,Raffle link,brandedevents,Winline
681a49ceb838e47ac5978bb3,Raffle link,brandedevents,Winline
67a24f4bc9c6d653d23414ae,Raffle link,brandedevents,Winline
68ef6a14639959df8a9b82d8,Raffle link,brandedevents,Winline
67f797ade3743c1c033499f1,Raffle link,brandedevents,Winline
677fdeecbcc83bc9bcdd4ea6,Raffle link,brandedevents,Winline
691ef4953d0b38a6baa4792c,Raffle link,brandedevents,Winline
676945ff4e24eb5fd7db8cd0,Raffle link,brandedevents,Winline
67e6c96b124eb0d8f140727b,Raffle link,brandedevents,Winline
68c1549108d6aba4d3a90b13,Raffle link,brandedevents,Winline
69830160ee999d9f5ae94684,Raffle link,brandedevents,Winline
67d4181642b11595d1d01c52,Raffle link,brandedevents,Winline
68d3ca569d21581d58700e85,Raffle link,brandedevents,Winline
67eec1617e3403d6b95e029d,Raffle link,brandedevents,Winline
68cd0bb8f6713263081bd44b,Raffle link,brandedevents,Winline
67c039a2cff1caafcfdcad6d,Raffle link,brandedevents,Winline
6901f90b329853680017a4c2,Raffle link,brandedevents,Winline
68247fed53b007c54bb045b1,Raffle link,brandedevents,Winline
67c039e236a0b59af8bf6211,Raffle link,brandedevents,Winline
6932d2dc10cbdc726c23a97d,Raffle link,brandedevents,Winline
68fb5715caf2eb63a19771d6,Raffle link,brandedevents,Winline
6967b55ee267cbb27db29f51,Raffle link,brandedevents,Winline
67b734337c06f55a0f4d6c71,Raffle link,brandedevents,Winline
693be9fad503f6b41d30f2e6,Raffle link,brandedevents,Winline
695fd18671ace7bcfa31eab3,Raffle link,brandedevents,Winline
67ae15787c06f55a0f4d6c6f,Raffle link,brandedevents,Winline
679234c79b1a1827795f2eaa,Raffle link,brandedevents,Winline
69a6d00abd98d2687558af55,Raffle link,brandedevents,Winline
690b324022407f8e790f2cd5,Raffle link,brandedevents,Winline
699592afd6f0568057e129d4,Raffle link,brandedevents,Winline
68ba98f008d6aba4d3a90b11,Raffle link,brandedevents,Winline
6970a9593e53bb932e2050ee,Raffle link,brandedevents,Winline
698f37dad89b7d97dd69e371,Raffle link,brandedevents,Winline
67894a9bfa7e3b26b0c4a663,Raffle link,brandedevents,Winline
6943f84ff68574a3cf8b250c,Raffle link,brandedevents,Winline
6953b296f68574a3cf8b251b,Raffle link,brandedevents,Winline
692856cfe6d0740c91ec05ec,Raffle link,brandedevents,Winline
67d2d30942b11595d1d01c43,Raffle link,brandedevents,Winline
699ecbc8680d132d9227aa42,Raffle link,brandedevents,Winline
68b05aebb7641a92e46999ca,Raffle link,brandedevents,Winline
67b74012968aa5472164931b,Raffle link,brandedevents,Winline
6808dff3f4062dea0fb20d9a,Raffle link,brandedevents,Winline
6853843cdf2b4175778fcba7,Raffle link,brandedevents,Winline
67f7ab18e3743c1c033499fc,Raffle link,brandedevents,Winline
681cbb6f53b007c54bb04585,Raffle link,brandedevents,Winline
67dd6c2fe6677cc9ef22d05c,Raffle link,brandedevents,Winline
694bdc2d35cd90cc23784159,Raffle link,brandedevents,Winline
6889e0f7ceb18e7e3a3494fd,Raffle link ,brandedevents,Winline
68665b4c547936d6e1842c4f,Raffle link ,brandedevents,Winline
687f60c4b68ae3dc5546681d,Raffle link ,brandedevents,Winline
689db21047e06bfaab0ff5b7,Raffle link ,brandedevents,Winline
68244d3453b007c54bb045b0,Raffle link ,brandedevents,Winline
68464b66703b74f65a5b7f8e,Raffle link ,brandedevents,Winline
687fa3e211bd2541c4e13b2f,Raffle link ,brandedevents,Winline
686cd3ac4ddfbcb247e3a922,Raffle link ,brandedevents,Winline
687906f41f320d91e1a98cc5,Raffle link ,brandedevents,Winline
68465457703b74f65a5b7f8f,Raffle link ,brandedevents,Winline
689472adab1add6244246a4f,Raffle link ,brandedevents,Winline
685388ebdf2b4175778fcba8,Raffle link ,brandedevents,Winline
6866678c547936d6e1842c51,Raffle link ,brandedevents,Winline
65f04211aff740a244b3be27,TEST_Whitemarket,Misisons,Winline
65f04211aff740a244b3be27,TEST_Winline,Misisons,Winline
680b6bdaf4062dea0fb20dac,Voltic: Red,Missions,Winline
680b7aeadf012ed65b92d14c,Voltic: White,Missions,Winline
680b71d4df012ed65b92d146,Voltic: White,Missions,Winline
66684d0fd0fd28eac68a398b,Winline CC Solo Free Bet 1.25K,brandedevents,Winline
66684493d0fd28eac68a37dd,Winline CC Solo Free Bet 100K,brandedevents,Winline
666849cfba419ff863b7322f,Winline CC Solo Free Bet 10K,brandedevents,Winline
66684d82ba419ff863b732eb,Winline CC Solo Free Bet 1K,brandedevents,Winline
66684c91d0fd28eac68a397a,Winline CC Solo Free Bet 2.5K,brandedevents,Winline
6668494eba419ff863b731f0,Winline CC Solo Free Bet 20K,brandedevents,Winline
666848451ee510b0eeacd2db,Winline CC Solo Free Bet 30K,brandedevents,Winline
666847a8ba419ff863b7319b,Winline CC Solo Free Bet 50K,brandedevents,Winline
66684c14ba419ff863b732ae,Winline CC Solo Free Bet 5K,brandedevents,Winline
66684f82d0fd28eac68a3a26,Winline CC Solo Free Bet 600,brandedevents,Winline
66684723ba419ff863b73183,Winline CC Solo Free Bet 60K,brandedevents,Winline
66684afed0fd28eac68a392d,Winline CC Solo Free Bet 7.5K,brandedevents,Winline
66684f00ba419ff863b73338,Winline CC Solo Free Bet 700,brandedevents,Winline
66684696ba419ff863b7316b,Winline CC Solo Free Bet 70K,brandedevents,Winline
66684614d0fd28eac68a381a,Winline CC Solo Free Bet 75K,brandedevents,Winline
66684e7dd0fd28eac68a39dd,Winline CC Solo Free Bet 800,brandedevents,Winline
6668455fd0fd28eac68a37ff,Winline CC Solo Free Bet 80K,brandedevents,Winline
66684e071ee510b0eeacd408,Winline CC Solo Free Bet 900,brandedevents,Winline
68653422547936d6e1842c42,test_winline_bronze_ticket,brandedevents,Winline
67d14b7ca9212d0195135603,winline cis,Missions,Winline
67f7bfdde3743c1c03349a00,wl by test,code,Winline
69aea510cf9cd385db77b27c,€1 Tradeit Credit,Missions,tradeit
69aea4406ca185c5682087bf,€25 Tradeit Credit,Missions,tradeit
